pclass,survived,sex,age,sibsp,parch,fare,fare_per_person,fare_log,family_size,is_alone,embarked_Q,embarked_S,title_Miss,title_Mr,title_Mrs,title_Rare,deck_B,deck_C,deck_D,deck_E,deck_F,deck_G,deck_T,deck_Unknown
1,1,1,-0.01984391297515365,0,0,211.3375,52.834375,2.2976745737953035,-0.5583460543187373,1,0,1,1,0,0,0,1,0,0,0,0,0,0,0
1,1,0,-2.1090548047439386,1,2,151.55,25.258333333333336,1.1534427587033005,1.3367489805210908,0,0,1,0,0,0,0,0,1,0,0,0,0,0,0
1,0,1,-2.028464483839589,1,2,151.55,25.258333333333336,1.1534427587033005,1.3367489805210908,0,0,1,1,0,0,0,0,1,0,0,0,0,0,0
1,0,0,0.05454944150130691,1,2,151.55,25.258333333333336,1.1534427587033005,1.3367489805210908,0,0,1,0,1,0,0,0,1,0,0,0,0,0,0
1,0,1,-0.3174173308809959,1,2,151.55,25.258333333333336,1.1534427587033005,1.3367489805210908,0,0,1,0,0,1,0,0,1,0,0,0,0,0,0
1,1,0,1.3936298220775971,0,0,26.55,26.55,1.2299754503854137,-0.5583460543187373,1,0,1,0,1,0,0,0,0,0,1,0,0,0,0
1,1,1,2.5095301392245055,1,0,77.9583,25.986099999999997,1.1970147727513816,0.07335229062787217,0,0,1,1,0,0,0,0,0,1,0,0,0,0,0
1,0,0,0.724089631789452,0,0,61.3792,61.3792,2.5324720453209517,-0.5583460543187373,1,0,1,0,1,0,0,0,0,0,0,0,0,0,0
1,1,1,1.7655965944599,2,0,51.4792,25.7396,1.182389616162702,0.7050506355744817,0,0,1,0,0,1,0,0,1,0,0,0,0,0,0
1,0,0,3.10467697503619,0,0,49.5042,49.5042,2.195901632085621,-0.5583460543187373,1,0,0,0,1,0,0,0,0,0,0,0,0,0,1
1,0,0,1.3192364676011366,1,0,227.525,45.505,2.064418801315879,0.07335229062787217,0,0,0,0,0,0,1,0,1,0,0,0,0,0,0
1,1,1,-0.8381708122162198,1,0,227.525,45.505,2.064418801315879,0.07335229062787217,0,0,0,0,0,1,0,0,1,0,0,0,0,0,0
1,1,1,-0.39181068535745645,0,0,69.3,34.65,1.6407708815144924,-0.5583460543187373,1,0,0,0,0,1,0,1,0,0,0,0,0,0,0
1,1,1,-0.24302397640453532,0,0,78.85,26.28333333333333,1.214473364278271,-0.5583460543187373,1,0,1,1,0,0,0,0,0,0,0,0,0,0,1
1,1,0,3.774217165324335,0,0,30.0,30.0,1.418018903932845,-0.5583460543187373,1,0,1,0,1,0,0,0,0,0,0,0,0,0,0
1,0,0,0.9100730179806034,0,0,25.925,25.925,1.193402123160057,-0.5583460543187373,1,0,1,0,1,0,0,0,0,0,0,0,0,0,1
1,0,0,-0.39181068535745645,0,1,247.5208,82.50693333333334,2.9973786953464567,0.07335229062787217,0,0,0,0,1,0,0,1,0,0,0,0,0,0,0
1,1,1,1.5424165310305182,0,1,247.5208,82.50693333333334,2.9973786953464567,0.07335229062787217,0,0,0,0,0,1,0,1,0,0,0,0,0,0,0
1,1,1,0.20333615045422804,0,0,76.2917,38.14585,1.7898629229774965,-0.5583460543187373,1,0,0,1,0,0,0,0,0,1,0,0,0,0,0
1,0,0,0.5009095683600703,0,0,75.2417,37.62085,1.768343289639139,-0.5583460543187373,1,0,0,0,1,0,0,0,1,0,0,0,0,0,0
1,1,0,0.5753029228365308,1,1,52.5542,26.2771,1.2141091934288955,0.7050506355744817,0,0,1,0,1,0,0,0,0,1,0,0,0,0,0
1,1,1,1.3192364676011366,1,1,52.5542,26.2771,1.2141091934288955,0.7050506355744817,0,0,1,0,0,1,0,0,0,1,0,0,0,0,0
1,1,0,-0.24302397640453532,0,0,30.0,30.0,1.418018903932845,-0.5583460543187373,1,0,0,0,1,0,0,0,1,0,0,0,0,0,0
1,1,1,0.9472696952188336,0,0,227.525,45.505,2.064418801315879,-0.5583460543187373,1,0,0,1,0,0,0,0,0,0,0,0,0,0,1
1,1,1,-0.01984391297515365,0,0,221.7792,55.4448,2.3731423376885927,-0.5583460543187373,1,0,1,1,0,0,0,0,1,0,0,0,0,0,0
1,0,0,-0.3174173308809959,0,0,26.0,26.0,1.1978354936481466,-0.5583460543187373,1,0,0,0,1,0,0,0,0,0,0,0,0,0,1
1,1,0,-0.3174173308809959,1,0,91.0792,45.5396,2.0656041539849146,0.07335229062787217,0,0,0,0,1,0,0,1,0,0,0,0,0,0,0
1,1,1,-0.7637774577397592,1,0,91.0792,45.5396,2.0656041539849146,0.07335229062787217,0,0,0,0,0,1,0,1,0,0,0,0,0,0,0
1,1,1,0.4265162138836097,0,0,135.6333,33.908325,1.6072632284397006,-0.5583460543187373,1,0,1,1,0,0,0,0,1,0,0,0,0,0,0
1,1,0,-0.09423726745161422,0,0,26.55,26.55,1.2299754503854137,-0.5583460543187373,1,0,1,0,1,0,0,0,1,0,0,0,0,0,0
1,0,0,1.1704497586482154,0,0,35.5,35.5,1.6783256699764015,-0.5583460543187373,1,0,1,0,1,0,0,0,0,0,0,0,0,1,0
1,1,0,0.7984829862659125,0,0,31.0,31.0,1.4686198416060814,-0.5583460543187373,1,0,0,0,1,0,0,0,0,0,0,0,0,0,0
1,1,1,0.05454944150130691,0,0,164.8667,41.216675,1.910227759484658,-0.5583460543187373,1,0,1,1,0,0,0,0,1,0,0,0,0,0,0
1,1,1,2.1375633668422025,0,0,26.55,26.55,1.2299754503854137,-0.5583460543187373,1,0,1,1,0,0,0,0,1,0,0,0,0,0,0
1,0,0,0.9472696952188336,0,0,26.55,26.55,1.2299754503854137,-0.5583460543187373,1,0,1,0,1,0,0,0,0,1,0,0,0,0,0
1,1,1,1.1704497586482154,0,0,262.375,37.482142857142854,1.7626088538414995,-0.5583460543187373,1,0,0,1,0,0,0,0,0,0,0,0,0,0,1
1,1,1,-0.5405973943103776,0,1,55.0,27.5,1.2840075964082114,0.07335229062787217,0,0,1,1,0,0,0,0,0,0,1,0,0,0,0
1,1,0,0.9100730179806034,0,0,26.55,26.55,1.2299754503854137,-0.5583460543187373,1,0,1,0,1,0,0,0,0,0,0,0,0,0,1
1,0,0,0.8728763407423731,0,0,30.5,30.5,1.443520178574078,-0.5583460543187373,1,0,1,0,1,0,0,0,0,0,0,0,0,0,0
1,0,0,1.3936298220775971,0,0,50.4958,50.4958,2.2268909961951295,-0.5583460543187373,1,0,0,0,1,0,0,1,0,0,0,0,0,0,0
1,0,0,1.5052198537922878,0,0,39.6,39.6,1.8479944718894534,-0.5583460543187373,1,0,0,0,0,0,1,0,0,0,0,0,0,0,1
1,1,1,1.0960564041717549,0,0,27.7208,27.7208,1.2963077330365191,-0.5583460543187373,1,0,0,0,0,1,0,1,0,0,0,0,0,0,0
1,1,1,2.2119567213186633,2,0,51.4792,25.7396,1.182389616162702,0.7050506355744817,0,0,1,0,0,1,0,0,1,0,0,0,0,0,0
1,1,1,2.2863500757951236,0,0,76.2917,38.14585,1.7898629229774965,-0.5583460543187373,1,0,0,0,0,1,0,0,0,1,0,0,0,0,0
1,1,1,0.8728763407423731,0,0,134.5,26.9,1.2500957710473197,-0.5583460543187373,1,0,0,1,0,0,0,0,0,0,1,0,0,0,0
1,0,0,1.1704497586482154,0,0,26.55,26.55,1.2299754503854137,-0.5583460543187373,1,0,1,0,0,0,1,1,0,0,0,0,0,0,0
1,0,0,0.9100730179806034,0,0,31.0,15.5,0.41292860766964784,-0.5583460543187373,1,0,1,0,1,0,0,0,0,0,0,0,0,0,1
1,1,0,0.9472696952188336,0,0,26.2875,26.2875,1.2147167475974887,-0.5583460543187373,1,0,1,0,1,0,0,0,0,0,1,0,0,0,0
1,1,1,1.7655965944599,0,0,27.4458,27.4458,1.280973702740607,-0.5583460543187373,1,0,0,0,0,1,0,0,0,0,0,0,0,0,1
1,1,0,0.5009095683600703,0,1,512.3292,128.0823,3.6915094161071025,0.07335229062787217,0,0,0,0,1,0,0,1,0,0,0,0,0,0,0
1,1,1,2.1375633668422025,0,1,512.3292,128.0823,3.6915094161071025,0.07335229062787217,0,0,0,0,0,1,0,1,0,0,0,0,0,0,0
1,0,0,0.2777295049306886,0,0,5.0,5.0,-1.1993565378452569,-0.5583460543187373,1,0,1,0,1,0,0,1,0,0,0,0,0,0,0
1,0,0,-0.09423726745161422,0,0,47.1,23.55,1.0462256624754656,-0.5583460543187373,1,0,1,0,1,0,0,0,0,0,0,0,0,0,1
1,0,0,-0.9125641666926804,0,0,47.1,23.55,1.0462256624754656,-0.5583460543187373,1,0,1,0,1,0,0,0,0,0,0,0,0,0,1
1,1,0,-1.3589242935514438,1,2,120.0,30.0,1.418018903932845,1.3367489805210908,0,0,1,0,0,0,0,1,0,0,0,0,0,0,0
1,1,1,-1.1357442301220622,1,2,120.0,30.0,1.418018903932845,1.3367489805210908,0,0,1,1,0,0,0,1,0,0,0,0,0,0,0
1,1,0,0.5009095683600703,1,2,120.0,30.0,1.418018903932845,1.3367489805210908,0,0,1,0,1,0,0,1,0,0,0,0,0,0,0
1,1,1,0.5009095683600703,1,2,120.0,30.0,1.418018903932845,1.3367489805210908,0,0,1,0,0,1,0,1,0,0,0,0,0,0,0
1,0,0,1.4680231765540577,0,0,26.0,26.0,1.1978354936481466,-0.5583460543187373,1,0,1,0,1,0,0,0,0,0,0,0,0,0,1
1,1,1,1.1704497586482154,0,0,27.7208,27.7208,1.2963077330365191,-0.5583460543187373,1,0,0,0,0,1,0,0,0,0,0,0,0,0,1
1,0,0,0.5009095683600703,1,0,78.85,26.28333333333333,1.214473364278271,0.07335229062787217,0,0,1,0,1,0,0,0,1,0,0,0,0,0,0
1,1,1,3.4766437474184926,1,0,78.85,26.28333333333333,1.214473364278271,0.07335229062787217,0,0,1,0,0,1,0,0,1,0,0,0,0,0,0
1,0,0,1.244843113124676,1,0,61.175,30.5875,1.4479412512086827,0.07335229062787217,0,0,1,0,1,0,0,0,0,0,1,0,0,0,0
1,1,1,1.3192364676011366,1,0,61.175,30.5875,1.4479412512086827,0.07335229062787217,0,0,1,0,0,1,0,0,0,0,1,0,0,0,0
1,1,0,-0.16863062192807476,1,0,53.1,26.55,1.2299754503854137,0.07335229062787217,0,0,1,0,1,0,0,0,0,0,1,0,0,0,0
1,1,1,0.2777295049306886,1,0,53.1,26.55,1.2299754503854137,0.07335229062787217,0,0,1,0,0,1,0,0,0,0,1,0,0,0,0
1,1,1,0.5009095683600703,0,0,262.375,37.482142857142854,1.7626088538414995,-0.5583460543187373,1,0,0,1,0,0,0,1,0,0,0,0,0,0,0
1,1,1,0.05454944150130691,0,0,86.5,28.833333333333332,1.3568795190966016,-0.5583460543187373,1,0,1,1,0,0,0,1,0,0,0,0,0,0,0
1,1,0,1.1704497586482154,0,0,29.7,29.7,1.402519958492328,-0.5583460543187373,1,0,0,0,1,0,0,0,0,0,0,0,0,0,0
1,1,1,1.1704497586482154,0,1,55.0,27.5,1.2840075964082114,0.07335229062787217,0,0,1,0,0,1,0,0,0,0,1,0,0,0,0
1,0,0,0.9100730179806034,0,0,61.3792,61.3792,2.5324720453209517,-0.5583460543187373,1,0,1,0,1,0,0,0,0,0,0,0,0,0,1
1,0,0,-0.16863062192807476,1,0,136.7792,68.3896,2.7022194339225956,0.07335229062787217,0,0,0,0,1,0,0,0,1,0,0,0,0,0,0
1,1,1,-0.24302397640453532,1,0,136.7792,68.3896,2.7022194339225956,0.07335229062787217,0,0,0,0,0,1,0,0,1,0,0,0,0,0,0
1,1,1,-0.5405973943103776,0,0,151.55,25.258333333333336,1.1534427587033005,-0.5583460543187373,1,0,1,1,0,0,0,0,0,0,0,0,0,0,1
1,0,0,0.9100730179806034,0,0,52.0,26.0,1.1978354936481466,-0.5583460543187373,1,0,1,0,1,0,0,0,0,0,0,0,0,0,0
1,0,0,1.3192364676011366,0,0,25.5875,25.5875,1.1732979169075615,-0.5583460543187373,1,0,1,0,1,0,0,0,0,0,1,0,0,0,0
1,1,1,0.724089631789452,1,1,83.1583,27.71943333333333,1.296231891164722,0.7050506355744817,0,0,0,1,0,0,0,0,0,0,1,0,0,0,0
1,0,0,0.5753029228365308,1,1,83.1583,27.71943333333333,1.296231891164722,0.7050506355744817,0,0,0,0,1,0,0,0,0,0,1,0,0,0,0
1,1,1,2.583923493700966,0,2,83.1583,27.71943333333333,1.296231891164722,0.7050506355744817,0,0,0,0,0,1,0,0,0,0,1,0,0,0,0
1,1,1,1.914383303412821,2,0,25.7,25.7,1.1800275356157246,0.7050506355744817,0,0,1,0,0,1,0,0,1,0,0,0,0,0,0
1,0,0,0.9100730179806034,0,0,26.55,26.55,1.2299754503854137,-0.5583460543187373,1,0,1,0,1,0,0,0,0,0,0,0,0,0,1
1,0,0,3.030283620559729,1,1,71.0,35.5,1.6783256699764015,0.7050506355744817,0,0,1,0,0,0,1,1,0,0,0,0,0,0,0
1,1,1,0.5009095683600703,0,2,71.0,35.5,1.6783256699764015,0.7050506355744817,0,0,1,1,0,0,0,1,0,0,0,0,0,0,0
1,1,1,2.583923493700966,1,1,26.55,26.55,1.2299754503854137,0.7050506355744817,0,0,1,0,0,1,0,1,0,0,0,0,0,0,0
1,0,0,0.724089631789452,1,0,71.2833,35.64165,1.684498936176558,0.07335229062787217,0,0,0,0,1,0,0,0,1,0,0,0,0,0,0
1,1,1,0.6496962773129914,1,0,71.2833,35.64165,1.684498936176558,0.07335229062787217,0,0,0,0,0,1,0,0,1,0,0,0,0,0,0
1,1,0,1.6168098855069788,0,0,26.55,26.55,1.2299754503854137,-0.5583460543187373,1,0,1,0,1,0,0,0,0,0,1,0,0,0,0
1,1,0,-0.16863062192807476,0,0,30.5,30.5,1.443520178574078,-0.5583460543187373,1,0,1,0,1,0,0,0,0,0,0,0,0,0,1
1,1,1,0.2777295049306886,0,0,151.55,25.258333333333336,1.1534427587033005,-0.5583460543187373,1,0,1,1,0,0,0,0,0,0,0,0,0,0,1
1,0,0,0.12894279597776748,1,0,52.0,26.0,1.1978354936481466,0.07335229062787217,0,0,1,0,1,0,0,1,0,0,0,0,0,0,0
1,1,1,-0.16863062192807476,1,2,52.0,26.0,1.1978354936481466,1.3367489805210908,0,0,1,0,0,1,0,1,0,0,0,0,0,0,0
1,1,0,0.12894279597776748,1,0,57.0,28.5,1.3389715142569034,0.07335229062787217,0,0,1,0,1,0,0,1,0,0,0,0,0,0,0
1,1,1,-0.9125641666926804,1,0,57.0,28.5,1.3389715142569034,0.07335229062787217,0,0,1,0,0,1,0,1,0,0,0,0,0,0,0
1,1,0,1.7655965944599,1,1,81.8583,27.2861,1.2720006262293373,0.7050506355744817,0,0,1,0,0,0,1,0,0,0,0,0,0,0,0
1,1,0,-1.8796777748866678,0,2,81.8583,27.2861,1.2720006262293373,0.7050506355744817,0,0,1,0,0,0,0,0,0,0,0,0,0,0,0
1,1,1,1.8399899489363605,1,1,81.8583,27.2861,1.2720006262293373,0.7050506355744817,0,0,1,0,0,1,0,0,0,0,0,0,0,0,0
1,0,0,1.5424165310305182,1,0,106.425,35.475,1.6772336550910651,0.07335229062787217,0,0,0,0,1,0,0,0,1,0,0,0,0,0,0
1,1,1,-0.16863062192807476,1,1,247.5208,82.50693333333334,2.9973786953464567,0.7050506355744817,0,0,0,0,0,1,0,1,0,0,0,0,0,0,0
1,1,1,1.3936298220775971,1,0,106.425,35.475,1.6772336550910651,0.07335229062787217,0,0,0,0,0,1,0,0,1,0,0,0,0,0,0
1,1,1,1.3936298220775971,1,0,39.6,39.6,1.8479944718894534,0.07335229062787217,0,0,0,0,0,0,1,0,0,0,0,0,0,0,0
1,1,0,1.4680231765540577,1,0,56.9292,28.4646,1.3370578110098157,0.07335229062787217,0,0,0,0,0,0,1,0,0,0,0,0,0,0,0
1,0,0,0.724089631789452,0,0,29.7,29.7,1.402519958492328,-0.5583460543187373,1,0,0,0,1,0,0,0,0,0,0,0,0,0,0
1,1,1,-0.466204039833917,0,1,83.1583,27.71943333333333,1.296231891164722,0.07335229062787217,0,0,0,0,0,1,0,0,1,0,0,0,0,0,0
1,1,1,0.6496962773129914,0,0,227.525,45.505,2.064418801315879,-0.5583460543187373,1,0,0,1,0,0,0,0,1,0,0,0,0,0,0
1,1,1,1.8399899489363605,1,0,78.2667,39.13335,1.8295695451633864,0.07335229062787217,0,0,0,1,0,0,0,0,0,1,0,0,0,0,0
1,0,1,0.5009095683600703,0,0,31.6792,31.6792,1.5020941519536002,-0.5583460543187373,1,0,0,1,0,0,0,0,0,0,0,0,0,0,0
1,0,0,0.9100730179806034,0,0,221.7792,55.4448,2.3731423376885927,-0.5583460543187373,1,0,1,0,1,0,0,0,1,0,0,0,0,0,0
1,1,1,1.1704497586482154,0,0,31.6833,31.6833,1.5022941003101062,-0.5583460543187373,1,0,1,0,0,1,0,0,0,0,0,0,0,0,1
1,1,1,0.05454944150130691,0,0,110.8833,27.720825,1.2963091203542205,-0.5583460543187373,1,0,0,1,0,0,0,0,0,0,0,0,0,0,1
1,1,0,0.5009095683600703,0,0,26.3875,26.3875,1.2205468251100282,-0.5583460543187373,1,0,1,0,1,0,0,0,0,0,1,0,0,0,0
1,0,0,0.05454944150130691,0,0,27.75,27.75,1.2979272976626715,-0.5583460543187373,1,0,0,0,1,0,0,0,1,0,0,0,0,0,0
1,1,1,-0.39181068535745645,3,2,263.0,43.833333333333336,2.006073251903419,2.6001456704143098,0,0,1,1,0,0,0,0,1,0,0,0,0,0,0
1,1,1,-0.09423726745161422,3,2,263.0,43.833333333333336,2.006073251903419,2.6001456704143098,0,0,1,1,0,0,0,0,1,0,0,0,0,0,0
1,1,1,-0.466204039833917,3,2,263.0,43.833333333333336,2.006073251903419,2.6001456704143098,0,0,1,1,0,0,0,0,1,0,0,0,0,0,0
1,0,0,-0.7637774577397592,3,2,263.0,43.833333333333336,2.006073251903419,2.6001456704143098,0,0,1,0,1,0,0,0,1,0,0,0,0,0,0
1,0,0,2.583923493700966,1,4,263.0,43.833333333333336,2.006073251903419,2.6001456704143098,0,0,1,0,1,0,0,0,1,0,0,0,0,0,0
1,1,1,2.2863500757951236,1,4,263.0,43.833333333333336,2.006073251903419,2.6001456704143098,0,0,1,0,0,1,0,0,1,0,0,0,0,0,0
1,1,1,0.05454944150130691,0,0,56.9292,28.4646,1.3370578110098157,-0.5583460543187373,1,0,0,1,0,0,0,0,0,0,1,0,0,0,0
1,0,0,0.9100730179806034,0,0,26.55,26.55,1.2299754503854137,-0.5583460543187373,1,0,1,0,1,0,0,0,0,1,0,0,0,0,0
1,1,0,1.5424165310305182,2,0,133.65,66.825,2.665871103988063,0.7050506355744817,0,0,1,0,0,0,1,0,0,0,0,0,0,0,1
1,1,0,1.0216630496952943,1,0,27.7208,27.7208,1.2963077330365191,0.07335229062787217,0,0,0,0,1,0,0,0,0,1,0,0,0,0,0
1,1,1,1.1704497586482154,1,0,133.65,66.825,2.665871103988063,0.07335229062787217,0,0,1,0,0,1,0,0,0,0,0,0,0,0,1
1,1,1,-0.5405973943103776,0,2,49.5,49.5,2.195769084294785,0.7050506355744817,0,0,0,1,0,0,0,1,0,0,0,0,0,0,0
1,1,0,2.2863500757951236,1,1,79.2,39.6,1.8479944718894534,0.7050506355744817,0,0,0,0,1,0,0,1,0,0,0,0,0,0,0
1,1,1,1.3936298220775971,1,1,79.2,39.6,1.8479944718894534,0.7050506355744817,0,0,0,0,0,1,0,1,0,0,0,0,0,0,0
1,0,0,0.9100730179806034,0,0,61.3792,30.6896,1.4530845551335327,-0.5583460543187373,1,0,1,0,1,0,0,1,0,0,0,0,0,0,0
1,0,0,0.5753029228365308,1,0,53.1,26.55,1.2299754503854137,0.07335229062787217,0,0,1,0,1,0,0,0,1,0,0,0,0,0,0
1,1,1,0.4265162138836097,1,0,53.1,26.55,1.2299754503854137,0.07335229062787217,0,0,1,0,0,1,0,0,1,0,0,0,0,0,0
1,0,0,1.3192364676011366,0,0,38.5,38.5,1.8042170573472793,-0.5583460543187373,1,0,1,0,1,0,0,0,0,0,1,0,0,0,0
1,1,1,0.4265162138836097,0,0,211.5,42.3,1.9506103177576528,-0.5583460543187373,1,0,0,1,0,0,0,0,1,0,0,0,0,0,0
1,1,1,-0.5405973943103776,0,1,59.4,29.7,1.402519958492328,0.07335229062787217,0,0,0,1,0,0,0,0,0,0,0,0,0,0,1
1,1,1,1.1704497586482154,0,1,59.4,29.7,1.402519958492328,0.07335229062787217,0,0,0,0,0,1,0,0,0,0,0,0,0,0,1
1,0,0,-0.39181068535745645,0,0,79.2,39.6,1.8479944718894534,-0.5583460543187373,1,0,0,0,1,0,0,1,0,0,0,0,0,0,0
1,1,0,1.4680231765540577,1,0,89.1042,44.5521,2.031422277789649,0.07335229062787217,0,0,0,0,1,0,0,0,1,0,0,0,0,0,0
1,1,1,1.1704497586482154,1,0,89.1042,44.5521,2.031422277789649,0.07335229062787217,0,0,0,0,0,1,0,0,1,0,0,0,0,0,0
1,0,0,3.10467697503619,0,0,34.6542,34.6542,1.6409586388076525,-0.5583460543187373,1,0,0,0,1,0,0,0,0,0,0,0,0,0,0
1,1,0,1.7655965944599,0,0,28.5,28.5,1.3389715142569034,-0.5583460543187373,1,0,0,0,0,0,1,0,1,0,0,0,0,0,0
1,1,1,-0.7637774577397592,0,0,30.0,30.0,1.418018903932845,-0.5583460543187373,1,0,1,1,0,0,0,1,0,0,0,0,0,0,0
1,0,0,0.6496962773129914,0,1,153.4625,51.15416666666667,2.2471382974449114,0.07335229062787217,0,0,1,0,1,0,0,0,1,0,0,0,0,0,0
1,1,1,2.1375633668422025,0,1,153.4625,51.15416666666667,2.2471382974449114,0.07335229062787217,0,0,1,0,0,1,0,0,1,0,0,0,0,0,0
1,1,0,-0.466204039833917,0,1,63.3583,31.67915,1.5020917134041836,0.07335229062787217,0,0,0,0,1,0,0,0,0,1,0,0,0,0,0
1,1,1,1.1704497586482154,0,1,63.3583,31.67915,1.5020917134041836,0.07335229062787217,0,0,0,0,0,1,0,0,0,1,0,0,0,0,0
1,0,0,1.244843113124676,0,0,79.2,39.6,1.8479944718894534,-0.5583460543187373,1,0,0,0,1,0,0,1,0,0,0,0,0,0,0
1,1,0,-0.3174173308809959,1,0,55.4417,27.72085,1.2963105076707138,0.07335229062787217,0,0,0,0,1,0,0,0,0,0,1,0,0,0,0
1,1,1,-0.3174173308809959,1,0,55.4417,27.72085,1.2963105076707138,0.07335229062787217,0,0,0,0,0,1,0,0,0,0,1,0,0,0,0
1,1,0,1.3936298220775971,1,0,76.7292,25.576400000000003,1.1726323851420548,0.07335229062787217,0,0,0,0,1,0,0,0,0,1,0,0,0,0,0
1,1,1,1.4680231765540577,1,0,76.7292,25.576400000000003,1.1726323851420548,0.07335229062787217,0,0,0,0,0,1,0,0,0,1,0,0,0,0,0
1,0,0,0.9100730179806034,0,0,42.4,21.2,0.8858586356084943,-0.5583460543187373,1,0,1,0,1,0,0,0,0,0,0,0,0,0,1
1,0,0,1.1704497586482154,1,0,83.475,41.7375,1.9297700368578234,0.07335229062787217,0,0,1,0,1,0,0,0,1,0,0,0,0,0,0
1,1,1,0.4265162138836097,1,0,83.475,41.7375,1.9297700368578234,0.07335229062787217,0,0,1,0,0,1,0,0,1,0,0,0,0,0,0
1,0,0,0.7984829862659125,0,0,61.3792,61.3792,2.5324720453209517,-0.5583460543187373,1,0,1,0,1,0,0,1,0,0,0,0,0,0,0
1,1,0,-0.16863062192807476,0,0,76.7292,25.576400000000003,1.1726323851420548,-0.5583460543187373,1,0,0,0,1,0,0,0,0,1,0,0,0,0,0
1,1,0,0.9100730179806034,0,0,30.0,30.0,1.418018903932845,-0.5583460543187373,1,0,1,0,1,0,0,0,0,1,0,0,0,0,0
1,1,1,-0.39181068535745645,0,0,83.1583,27.71943333333333,1.296231891164722,-0.5583460543187373,1,0,0,1,0,0,0,0,1,0,0,0,0,0,0
1,0,0,1.914383303412821,1,1,93.5,23.375,1.0348239075241301,0.7050506355744817,0,0,1,0,1,0,0,1,0,0,0,0,0,0,0
1,1,1,1.6912032399834394,1,1,93.5,23.375,1.0348239075241301,0.7050506355744817,0,0,1,0,0,1,0,1,0,0,0,0,0,0,0
1,0,0,0.9472696952188336,0,0,42.5,42.5,1.9579550112292843,-0.5583460543187373,1,0,1,0,1,0,0,1,0,0,0,0,0,0,0
1,0,0,0.9100730179806034,0,0,51.8625,25.93125,1.1937720420807838,-0.5583460543187373,1,0,1,0,1,0,0,0,0,0,1,0,0,0,0
1,0,0,1.914383303412821,0,0,50.0,50.0,2.211471631634249,-0.5583460543187373,1,0,1,0,1,0,0,0,1,0,0,0,0,0,0
1,1,1,-0.9869575211691409,0,1,57.9792,28.9896,1.3652060149123526,0.07335229062787217,0,0,0,1,0,0,0,1,0,0,0,0,0,0,0
1,1,1,1.0960564041717549,0,1,57.9792,28.9896,1.3652060149123526,0.07335229062787217,0,0,0,0,0,1,0,1,0,0,0,0,0,0,0
1,1,1,1.6168098855069788,1,0,77.9583,25.986099999999997,1.1970147727513816,0.07335229062787217,0,0,1,0,0,1,0,0,0,1,0,0,0,0,0
1,0,0,0.9472696952188336,1,0,52.0,26.0,1.1978354936481466,0.07335229062787217,0,0,1,0,1,0,0,0,0,0,0,0,0,0,1
1,1,1,0.4265162138836097,1,0,52.0,26.0,1.1978354936481466,0.07335229062787217,0,0,1,0,0,1,0,0,0,0,0,0,0,0,1
1,1,0,0.4265162138836097,0,0,26.55,26.55,1.2299754503854137,-0.5583460543187373,1,0,0,0,1,0,0,0,0,0,0,0,0,0,1
1,1,0,0.6496962773129914,1,0,90.0,45.0,2.047017043453492,0.07335229062787217,0,0,1,0,1,0,0,0,1,0,0,0,0,0,0
1,0,0,0.9100730179806034,0,0,30.6958,30.6958,1.45339634722259,-0.5583460543187373,1,0,0,0,1,0,0,0,0,0,0,0,0,0,1
1,1,1,0.4265162138836097,1,0,90.0,45.0,2.047017043453492,0.07335229062787217,0,0,1,0,0,1,0,0,1,0,0,0,0,0,0
1,1,1,0.6496962773129914,0,0,80.0,40.0,1.8636200447215114,-0.5583460543187373,1,0,1,1,0,0,0,1,0,0,0,0,0,0,0
1,0,1,1.5424165310305182,0,0,28.7125,28.7125,1.3504110931412792,-0.5583460543187373,1,0,0,1,0,0,0,0,1,0,0,0,0,0,0
1,1,0,1.4680231765540577,0,0,61.3792,30.6896,1.4530845551335327,-0.5583460543187373,1,0,1,0,1,0,0,1,0,0,0,0,0,0,0
1,0,0,1.244843113124676,0,0,26.0,26.0,1.1978354936481466,-0.5583460543187373,1,0,1,0,1,0,0,0,0,0,0,0,0,0,1
1,0,0,1.5424165310305182,0,0,26.0,26.0,1.1978354936481466,-0.5583460543187373,1,0,1,0,1,0,0,0,0,0,1,0,0,0,0
1,0,0,0.24053282769245832,0,0,211.5,42.3,1.9506103177576528,-0.5583460543187373,1,0,0,0,1,0,0,0,1,0,0,0,0,0,0
1,0,0,2.1375633668422025,0,0,29.7,29.7,1.402519958492328,-0.5583460543187373,1,0,0,0,1,0,0,1,0,0,0,0,0,0,0
1,0,0,0.8728763407423731,1,0,51.8625,25.93125,1.1937720420807838,0.07335229062787217,0,0,1,0,1,0,0,0,0,1,0,0,0,0,0
1,1,1,1.1704497586482154,1,0,51.8625,25.93125,1.1937720420807838,0.07335229062787217,0,0,1,0,0,1,0,0,0,1,0,0,0,0,0
1,1,0,0.9472696952188336,1,0,52.5542,26.2771,1.2141091934288955,0.07335229062787217,0,0,1,0,1,0,0,0,0,1,0,0,0,0,0
1,1,1,1.1704497586482154,1,0,52.5542,26.2771,1.2141091934288955,0.07335229062787217,0,0,1,0,0,1,0,0,0,1,0,0,0,0,0
1,0,0,0.9100730179806034,0,0,26.55,26.55,1.2299754503854137,-0.5583460543187373,1,0,1,0,1,0,0,0,1,0,0,0,0,0,0
1,1,1,0.724089631789452,0,0,211.3375,52.834375,2.2976745737953035,-0.5583460543187373,1,0,1,1,0,0,0,0,0,0,0,0,0,0,1
1,1,1,1.4680231765540577,0,0,25.9292,25.9292,1.1936507181367653,-0.5583460543187373,1,0,1,0,0,0,1,0,0,1,0,0,0,0,0
1,1,1,0.05454944150130691,0,0,106.425,35.475,1.6772336550910651,-0.5583460543187373,1,0,0,1,0,0,0,0,0,0,0,0,0,0,1
1,1,0,0.4265162138836097,0,0,512.3292,128.0823,3.6915094161071025,-0.5583460543187373,1,0,0,0,1,0,0,1,0,0,0,0,0,0,0
1,0,0,0.9100730179806034,0,0,27.7208,27.7208,1.2963077330365191,-0.5583460543187373,1,0,0,0,1,0,0,0,0,0,0,0,0,0,1
1,0,0,0.9472696952188336,0,0,26.55,26.55,1.2299754503854137,-0.5583460543187373,1,0,1,0,1,0,0,0,0,0,0,0,0,0,1
1,1,1,1.914383303412821,0,0,27.7208,27.7208,1.2963077330365191,-0.5583460543187373,1,0,0,0,0,1,0,0,0,0,0,0,0,0,1
1,1,1,-0.9869575211691409,0,1,39.4,19.7,0.7743589405113832,0.07335229062787217,0,0,1,1,0,0,0,0,0,1,0,0,0,0,0
1,1,1,1.6168098855069788,0,1,39.4,19.7,0.7743589405113832,0.07335229062787217,0,0,1,0,0,1,0,0,0,1,0,0,0,0,0
1,0,0,-0.01984391297515365,0,0,30.0,30.0,1.418018903932845,-0.5583460543187373,1,0,1,0,1,0,0,0,0,1,0,0,0,0,0
1,1,1,-0.6149907487868381,0,0,77.9583,25.986099999999997,1.1970147727513816,-0.5583460543187373,1,0,1,1,0,0,0,0,0,1,0,0,0,0,0
1,0,0,0.05454944150130691,0,0,45.5,45.5,2.064247434651255,-0.5583460543187373,1,0,1,0,1,0,0,0,0,0,0,0,0,0,1
1,1,1,2.1375633668422025,0,0,146.5208,48.84026666666667,2.1748104938412998,-0.5583460543187373,1,0,0,1,0,0,0,1,0,0,0,0,0,0,0
1,1,1,-1.0613508756456016,0,1,211.3375,52.834375,2.2976745737953035,0.07335229062787217,0,0,1,1,0,0,0,1,0,0,0,0,0,0,0
1,0,0,0.05454944150130691,0,0,26.0,26.0,1.1978354936481466,-0.5583460543187373,1,0,1,0,1,0,0,0,1,0,0,0,0,0,0
1,1,1,-0.9869575211691409,0,0,86.5,28.833333333333332,1.3568795190966016,-0.5583460543187373,1,0,1,1,0,0,0,1,0,0,0,0,0,0,0
1,1,0,0.9100730179806034,0,0,29.7,29.7,1.402519958492328,-0.5583460543187373,1,0,0,0,1,0,0,0,1,0,0,0,0,0,0
1,0,0,-0.7637774577397592,1,0,53.1,26.55,1.2299754503854137,0.07335229062787217,0,0,1,0,1,0,0,0,0,1,0,0,0,0,0
1,1,1,-0.8381708122162198,1,0,53.1,26.55,1.2299754503854137,0.07335229062787217,0,0,1,0,0,1,0,0,0,1,0,0,0,0,0
1,1,1,-0.39181068535745645,0,0,49.5042,49.5042,2.195901632085621,-0.5583460543187373,1,0,0,1,0,0,0,0,1,0,0,0,0,0,0
1,0,0,1.244843113124676,0,0,75.2417,37.62085,1.768343289639139,-0.5583460543187373,1,0,0,0,1,0,0,0,1,0,0,0,0,0,0
1,0,0,1.8399899489363605,0,0,51.8625,25.93125,1.1937720420807838,-0.5583460543187373,1,0,1,0,1,0,0,0,0,0,1,0,0,0,0
1,1,0,0.5009095683600703,0,0,26.2875,26.2875,1.2147167475974887,-0.5583460543187373,1,0,1,0,1,0,0,0,0,0,1,0,0,0,0
1,0,0,-0.09423726745161422,1,0,82.1708,41.0854,1.9052640454895162,0.07335229062787217,0,0,0,0,1,0,0,0,0,0,0,0,0,0,1
1,1,1,1.1704497586482154,1,0,82.1708,41.0854,1.9052640454895162,0.07335229062787217,0,0,0,0,0,1,0,0,0,0,0,0,0,0,1
1,0,0,2.6583168481774266,0,0,26.55,26.55,1.2299754503854137,-0.5583460543187373,1,0,1,0,1,0,0,0,0,0,1,0,0,0,0
1,0,0,1.0960564041717549,2,0,90.0,30.0,1.418018903932845,0.7050506355744817,0,1,0,0,0,0,1,0,1,0,0,0,0,0,0
1,1,1,0.2777295049306886,1,0,90.0,30.0,1.418018903932845,0.07335229062787217,0,1,0,1,0,0,0,0,1,0,0,0,0,0,0
1,1,1,0.5753029228365308,1,0,90.0,30.0,1.418018903932845,0.07335229062787217,0,1,0,0,0,1,0,0,1,0,0,0,0,0,0
1,1,0,0.05454944150130691,1,0,57.75,28.875,1.3591039376890803,0.07335229062787217,0,0,0,0,1,0,0,0,1,0,0,0,0,0,0
1,0,0,1.914383303412821,0,0,30.5,30.5,1.443520178574078,-0.5583460543187373,1,0,1,0,1,0,0,0,1,0,0,0,0,0,0
1,0,0,1.3192364676011366,0,0,42.4,21.2,0.8858586356084943,-0.5583460543187373,1,0,1,0,1,0,0,0,0,0,0,0,0,0,1
1,0,0,0.5753029228365308,0,1,29.7,29.7,1.402519958492328,0.07335229062787217,0,0,0,0,1,0,0,0,1,0,0,0,0,0,0
1,1,1,0.12894279597776748,1,0,113.275,37.75833333333333,1.7740068431043037,0.07335229062787217,0,0,0,1,0,0,0,0,0,1,0,0,0,0,0
1,1,1,-0.466204039833917,1,0,113.275,37.75833333333333,1.7740068431043037,0.07335229062787217,0,0,0,1,0,0,0,0,0,1,0,0,0,0,0
1,0,0,2.1375633668422025,0,2,113.275,37.75833333333333,1.7740068431043037,0.7050506355744817,0,0,0,0,1,0,0,0,0,1,0,0,0,0,0
1,1,1,-0.7637774577397592,0,2,26.2833,26.2833,1.2144714170618551,0.7050506355744817,0,0,1,1,0,0,0,0,0,1,0,0,0,0,0
1,0,0,2.583923493700966,0,0,26.0,26.0,1.1978354936481466,-0.5583460543187373,1,0,1,0,1,0,0,0,0,0,0,0,0,0,1
1,1,1,0.724089631789452,0,0,108.9,36.300000000000004,1.7128808590297604,-0.5583460543187373,1,0,0,0,0,0,1,0,1,0,0,0,0,0,0
1,1,0,0.9100730179806034,0,0,25.7417,25.7417,1.1825147803189062,-0.5583460543187373,1,0,0,0,1,0,0,0,0,0,0,0,0,0,1
1,1,1,-0.5405973943103776,0,1,61.9792,30.9896,1.4681017738250972,0.07335229062787217,0,0,0,1,0,0,0,1,0,0,0,0,0,0,0
1,0,0,2.6583168481774266,0,1,61.9792,30.9896,1.4681017738250972,0.07335229062787217,0,0,0,0,1,0,0,1,0,0,0,0,0,0,0
1,0,0,-0.05704059021338393,0,0,27.7208,27.7208,1.2963077330365191,-0.5583460543187373,1,0,0,0,1,0,0,0,0,1,0,0,0,0,0
1,0,0,0.9100730179806034,0,0,61.3792,61.3792,2.5324720453209517,-0.5583460543187373,1,0,1,0,1,0,0,0,0,0,0,0,0,0,1
1,0,0,1.2076464358864456,0,0,28.5,28.5,1.3389715142569034,-0.5583460543187373,1,0,1,0,1,0,0,0,1,0,0,0,0,0,0
1,0,0,-0.466204039833917,0,0,93.5,23.375,1.0348239075241301,-0.5583460543187373,1,0,1,0,1,0,0,1,0,0,0,0,0,0,0
1,0,0,-0.01984391297515365,1,0,66.6,33.3,1.5792443241601786,0.07335229062787217,0,0,1,0,1,0,0,0,1,0,0,0,0,0,0
1,1,1,-0.5405973943103776,1,0,66.6,33.3,1.5792443241601786,0.07335229062787217,0,0,1,0,0,1,0,0,1,0,0,0,0,0,0
1,0,0,-0.8381708122162198,1,0,108.9,36.300000000000004,1.7128808590297604,0.07335229062787217,0,0,0,0,1,0,0,0,1,0,0,0,0,0,0
1,1,1,-0.9125641666926804,1,0,108.9,36.300000000000004,1.7128808590297604,0.07335229062787217,0,0,0,0,0,1,0,0,1,0,0,0,0,0,0
1,1,1,0.05454944150130691,0,0,93.5,23.375,1.0348239075241301,-0.5583460543187373,1,0,1,1,0,0,0,1,0,0,0,0,0,0,0
1,1,0,1.6912032399834394,0,0,30.5,30.5,1.443520178574078,-0.5583460543187373,1,0,1,0,0,0,1,0,1,0,0,0,0,0,0
1,0,0,1.3192364676011366,0,0,52.0,26.0,1.1978354936481466,-0.5583460543187373,1,0,1,0,1,0,0,0,1,0,0,0,0,0,0
1,1,1,1.9887766578892816,0,1,83.1583,27.71943333333333,1.296231891164722,0.07335229062787217,0,0,0,0,0,1,0,0,1,0,0,0,0,0,0
1,0,0,0.6496962773129914,0,0,61.3792,61.3792,2.5324720453209517,-0.5583460543187373,1,0,1,0,0,0,1,0,0,0,0,0,0,0,1
1,1,0,0.9100730179806034,0,0,39.6,39.6,1.8479944718894534,-0.5583460543187373,1,0,1,0,1,0,0,0,0,0,0,0,0,0,1
1,0,0,-0.5405973943103776,0,0,135.6333,33.908325,1.6072632284397006,-0.5583460543187373,1,0,0,0,1,0,0,0,0,0,0,0,0,0,1
1,0,0,0.9100730179806034,0,0,227.525,45.505,2.064418801315879,-0.5583460543187373,1,0,0,0,1,0,0,0,0,0,0,0,0,0,1
1,1,1,1.0216630496952943,0,1,211.3375,52.834375,2.2976745737953035,0.07335229062787217,0,0,1,0,0,1,0,1,0,0,0,0,0,0,0
1,0,0,0.12894279597776748,0,0,50.4958,50.4958,2.2268909961951295,-0.5583460543187373,1,0,1,0,1,0,0,0,0,0,0,0,0,0,0
1,1,0,1.1704497586482154,0,0,26.55,26.55,1.2299754503854137,-0.5583460543187373,1,0,1,0,1,0,0,0,0,0,0,0,0,0,1
1,0,0,0.9100730179806034,0,0,50.0,50.0,2.211471631634249,-0.5583460543187373,1,0,1,0,1,0,0,0,0,0,0,0,0,0,0
1,1,1,0.2777295049306886,0,0,27.7208,27.7208,1.2963077330365191,-0.5583460543187373,1,0,0,1,0,0,0,0,0,0,0,0,0,0,0
1,0,0,1.244843113124676,0,0,79.2,39.6,1.8479944718894534,-0.5583460543187373,1,0,0,0,1,0,0,0,0,0,0,0,0,0,1
1,0,0,0.5009095683600703,0,0,40.125,40.125,1.8684717856456503,-0.5583460543187373,1,0,0,0,1,0,0,0,0,0,0,0,0,0,0
1,1,1,0.2777295049306886,0,0,86.5,28.833333333333332,1.3568795190966016,-0.5583460543187373,1,0,1,0,0,0,1,1,0,0,0,0,0,0,0
1,0,0,1.914383303412821,1,0,59.4,29.7,1.402519958492328,0.07335229062787217,0,0,0,0,1,0,0,0,0,0,0,0,0,0,1
1,1,1,1.8399899489363605,1,0,59.4,29.7,1.402519958492328,0.07335229062787217,0,0,0,0,0,1,0,0,0,0,0,0,0,0,1
1,0,0,0.2777295049306886,0,0,26.55,26.55,1.2299754503854137,-0.5583460543187373,1,0,1,0,1,0,0,0,0,0,0,0,0,0,1
1,1,0,-1.2101375845985227,2,2,262.375,37.482142857142854,1.7626088538414995,1.9684473254677004,0,0,0,0,0,0,0,1,0,0,0,0,0,0,0
1,1,1,-0.8381708122162198,2,2,262.375,37.482142857142854,1.7626088538414995,1.9684473254677004,0,0,0,1,0,0,0,1,0,0,0,0,0,0,0
1,1,1,-0.6149907487868381,2,2,262.375,37.482142857142854,1.7626088538414995,1.9684473254677004,0,0,0,1,0,0,0,1,0,0,0,0,0,0,0
1,0,0,2.3607434302715844,1,3,262.375,37.482142857142854,1.7626088538414995,1.9684473254677004,0,0,0,0,1,0,0,1,0,0,0,0,0,0,0
1,1,1,1.3936298220775971,1,3,262.375,37.482142857142854,1.7626088538414995,1.9684473254677004,0,0,0,0,0,1,0,1,0,0,0,0,0,0,0
1,1,0,0.9100730179806034,0,0,30.5,30.5,1.443520178574078,-0.5583460543187373,1,0,1,0,1,0,0,0,1,0,0,0,0,0,0
1,1,1,-0.39181068535745645,0,0,69.3,34.65,1.6407708815144924,-0.5583460543187373,1,0,0,1,0,0,0,1,0,0,0,0,0,0,0
1,1,0,0.9100730179806034,0,0,26.0,26.0,1.1978354936481466,-0.5583460543187373,1,0,1,0,1,0,0,0,0,0,0,0,0,0,1
1,1,1,0.4265162138836097,1,0,57.75,28.875,1.3591039376890803,0.07335229062787217,0,0,0,0,0,1,0,0,1,0,0,0,0,0,0
1,1,1,0.05454944150130691,0,0,31.0,15.5,0.41292860766964784,-0.5583460543187373,1,0,0,1,0,0,0,0,0,0,0,0,0,0,1
1,1,0,0.35212285940714916,0,0,26.55,26.55,1.2299754503854137,-0.5583460543187373,1,0,1,0,1,0,0,0,0,0,0,0,0,0,1
1,1,1,0.7984829862659125,0,0,153.4625,51.15416666666667,2.2471382974449114,-0.5583460543187373,1,0,1,1,0,0,0,0,1,0,0,0,0,0,0
1,1,0,0.4265162138836097,0,0,26.2875,26.2875,1.2147167475974887,-0.5583460543187373,1,0,1,0,1,0,0,0,0,0,1,0,0,0,0
1,0,0,1.5424165310305182,1,0,55.9,27.95,1.3089761853283106,0.07335229062787217,0,0,1,0,1,0,0,0,0,0,1,0,0,0,0
1,1,1,0.724089631789452,1,0,55.9,27.95,1.3089761853283106,0.07335229062787217,0,0,1,0,0,1,0,0,0,0,1,0,0,0,0
1,1,0,1.9887766578892816,0,0,35.5,35.5,1.6783256699764015,-0.5583460543187373,1,0,0,0,0,0,1,0,0,0,0,0,0,0,0
1,1,0,-0.09423726745161422,0,0,35.5,35.5,1.6783256699764015,-0.5583460543187373,1,0,1,0,1,0,0,0,0,0,0,0,0,0,0
1,0,0,1.9887766578892816,0,0,26.55,26.55,1.2299754503854137,-0.5583460543187373,1,0,1,0,1,0,0,0,0,0,0,0,0,0,1
1,0,0,1.9887766578892816,0,0,30.6958,30.6958,1.45339634722259,-0.5583460543187373,1,0,0,0,1,0,0,0,0,0,0,0,0,0,0
1,0,0,-0.39181068535745645,1,0,60.0,30.0,1.418018903932845,0.07335229062787217,0,0,1,0,1,0,0,0,1,0,0,0,0,0,0
1,0,0,0.9100730179806034,0,0,26.0,26.0,1.1978354936481466,-0.5583460543187373,1,0,1,0,1,0,0,0,0,0,0,0,0,0,0
1,1,1,-0.8381708122162198,1,0,60.0,30.0,1.418018903932845,0.07335229062787217,0,0,1,0,0,1,0,0,1,0,0,0,0,0,0
1,1,0,-0.39181068535745645,1,0,82.2667,41.13335,1.9070789028767092,0.07335229062787217,0,0,1,0,1,0,0,1,0,0,0,0,0,0,0
1,1,1,-0.466204039833917,1,0,82.2667,41.13335,1.9070789028767092,0.07335229062787217,0,0,1,0,0,1,0,1,0,0,0,0,0,0,0
1,1,0,-1.7308910659337466,0,2,134.5,26.9,1.2500957710473197,0.7050506355744817,0,0,0,0,0,0,0,0,0,0,1,0,0,0,0
1,1,0,1.1704497586482154,1,1,134.5,26.9,1.2500957710473197,0.7050506355744817,0,0,0,0,1,0,0,0,0,0,1,0,0,0,0
1,1,1,0.7984829862659125,1,1,134.5,26.9,1.2500957710473197,0.7050506355744817,0,0,0,0,0,1,0,0,0,0,1,0,0,0,0
1,0,0,2.063170012365742,1,0,146.5208,48.84026666666667,2.1748104938412998,0.07335229062787217,0,0,0,0,1,0,0,1,0,0,0,0,0,0,0
1,1,1,1.1704497586482154,1,0,146.5208,48.84026666666667,2.1748104938412998,0.07335229062787217,0,0,0,0,0,1,0,1,0,0,0,0,0,0,0
1,1,0,0.20333615045422804,0,0,30.5,30.5,1.443520178574078,-0.5583460543187373,1,0,0,0,0,0,1,1,0,0,0,0,0,0,0
1,0,0,2.4351367847480447,0,0,26.55,26.55,1.2299754503854137,-0.5583460543187373,1,0,1,0,1,0,0,0,1,0,0,0,0,0,0
1,1,0,1.8399899489363605,1,0,55.4417,27.72085,1.2963105076707138,0.07335229062787217,0,0,0,0,1,0,0,0,1,0,0,0,0,0,0
1,1,1,1.0216630496952943,1,0,55.4417,27.72085,1.2963105076707138,0.07335229062787217,0,0,0,0,0,1,0,0,1,0,0,0,0,0,0
1,1,1,1.6912032399834394,1,0,78.2667,39.13335,1.8295695451633864,0.07335229062787217,0,0,0,0,0,1,0,0,0,1,0,0,0,0,0
1,0,0,0.9100730179806034,0,0,27.7208,27.7208,1.2963077330365191,-0.5583460543187373,1,0,0,0,1,0,0,0,0,0,0,0,0,0,1
1,1,1,2.4351367847480447,0,0,80.0,40.0,1.8636200447215114,-0.5583460543187373,1,0,1,0,0,1,0,1,0,0,0,0,0,0,0
1,0,0,2.8071035571303478,1,0,221.7792,55.4448,2.3731423376885927,0.07335229062787217,0,0,1,0,1,0,0,0,1,0,0,0,0,0,0
1,0,1,2.5095301392245055,1,0,221.7792,55.4448,2.3731423376885927,0.07335229062787217,0,0,1,0,0,1,0,0,1,0,0,0,0,0,0
1,0,0,2.3607434302715844,0,0,32.3208,32.3208,1.5330823795595092,-0.5583460543187373,1,0,1,0,1,0,0,0,0,1,0,0,0,0,0
1,1,1,1.3936298220775971,0,0,25.9292,25.9292,1.1936507181367653,-0.5583460543187373,1,0,1,0,0,1,0,0,0,1,0,0,0,0,0
1,1,1,-0.8381708122162198,0,2,79.65,26.55,1.2299754503854137,0.7050506355744817,0,0,1,1,0,0,0,0,0,0,1,0,0,0,0
1,0,0,1.6912032399834394,1,1,79.65,26.55,1.2299754503854137,0.7050506355744817,0,0,1,0,1,0,0,0,0,0,1,0,0,0,0
1,1,1,0.724089631789452,1,1,79.65,26.55,1.2299754503854137,0.7050506355744817,0,0,1,0,0,1,0,0,0,0,1,0,0,0,0
1,1,0,1.3936298220775971,1,0,52.0,26.0,1.1978354936481466,0.07335229062787217,0,0,1,0,1,0,0,0,1,0,0,0,0,0,0
1,1,1,1.1704497586482154,1,0,52.0,26.0,1.1978354936481466,0.07335229062787217,0,0,1,0,0,1,0,0,1,0,0,0,0,0,0
1,0,0,1.4680231765540577,1,1,110.8833,27.720825,1.2963091203542205,0.7050506355744817,0,0,0,0,1,0,0,0,1,0,0,0,0,0,0
1,1,0,-0.9125641666926804,0,2,110.8833,27.720825,1.2963091203542205,0.7050506355744817,0,0,0,0,1,0,0,0,1,0,0,0,0,0,0
1,1,1,0.724089631789452,1,1,110.8833,27.720825,1.2963091203542205,0.7050506355744817,0,0,0,0,0,1,0,0,1,0,0,0,0,0,0
1,1,1,1.1704497586482154,0,0,79.2,39.6,1.8479944718894534,-0.5583460543187373,1,0,0,0,0,1,0,0,0,0,0,0,0,0,1
1,1,0,0.12894279597776748,0,0,28.5375,28.5375,1.340996239063778,-0.5583460543187373,1,0,0,0,1,0,0,0,1,0,0,0,0,0,0
1,0,0,0.7984829862659125,0,0,27.7208,27.7208,1.2963077330365191,-0.5583460543187373,1,0,0,0,0,0,1,0,0,0,0,0,0,0,1
1,0,0,2.3607434302715844,0,0,33.5,33.5,1.5885106041153192,-0.5583460543187373,1,0,1,0,1,0,0,1,0,0,0,0,0,0,0
1,0,0,1.3192364676011366,0,0,34.0208,34.0208,1.6123902001201527,-0.5583460543187373,1,0,1,0,1,0,0,0,0,1,0,0,0,0,0
1,1,1,0.4265162138836097,0,0,512.3292,128.0823,3.6915094161071025,-0.5583460543187373,1,0,0,1,0,0,0,0,0,0,0,0,0,0,1
1,0,0,2.583923493700966,1,0,75.25,37.625,1.76851454160949,0.07335229062787217,0,0,0,0,1,0,0,0,0,1,0,0,0,0,0
1,1,1,2.2863500757951236,1,0,75.25,37.625,1.76851454160949,0.07335229062787217,0,0,0,0,0,1,0,0,0,1,0,0,0,0,0
1,0,0,2.2863500757951236,0,0,26.55,26.55,1.2299754503854137,-0.5583460543187373,1,0,1,0,0,0,1,0,0,0,0,0,0,0,1
1,0,0,1.8399899489363605,0,1,77.2875,38.64375,1.8100067344467412,0.07335229062787217,0,0,1,0,1,0,0,0,0,1,0,0,0,0,0
1,0,0,-0.6149907487868381,0,1,77.2875,38.64375,1.8100067344467412,0.07335229062787217,0,0,1,0,1,0,0,0,0,1,0,0,0,0,0
1,1,1,1.914383303412821,0,0,135.6333,33.908325,1.6072632284397006,-0.5583460543187373,1,0,0,0,0,1,0,0,1,0,0,0,0,0,0
1,1,1,0.12894279597776748,0,2,164.8667,41.216675,1.910227759484658,0.7050506355744817,0,0,1,1,0,0,0,0,1,0,0,0,0,0,0
1,0,0,2.063170012365742,1,1,164.8667,41.216675,1.910227759484658,0.7050506355744817,0,0,1,0,1,0,0,0,0,0,0,0,0,0,1
1,1,1,1.1704497586482154,1,1,164.8667,41.216675,1.910227759484658,0.7050506355744817,0,0,1,0,0,1,0,0,0,0,0,0,0,0,1
1,0,0,1.5424165310305182,1,1,211.5,42.3,1.9506103177576528,0.7050506355744817,0,0,0,0,1,0,0,0,1,0,0,0,0,0,0
1,0,0,-0.16863062192807476,0,2,211.5,42.3,1.9506103177576528,0.7050506355744817,0,0,0,0,1,0,0,0,1,0,0,0,0,0,0
1,1,1,1.5424165310305182,1,1,211.5,42.3,1.9506103177576528,0.7050506355744817,0,0,0,0,0,1,0,0,1,0,0,0,0,0,0
1,1,1,-0.6149907487868381,0,0,26.55,26.55,1.2299754503854137,-0.5583460543187373,1,0,1,1,0,0,0,0,0,0,0,0,0,0,1
1,0,0,1.6168098855069788,0,1,61.3792,30.6896,1.4530845551335327,0.07335229062787217,0,0,0,0,1,0,0,0,0,0,0,0,0,0,1
1,1,0,-0.6149907487868381,0,1,61.3792,30.6896,1.4530845551335327,0.07335229062787217,0,0,0,0,1,0,0,0,0,0,0,0,0,0,1
1,0,0,0.9100730179806034,0,0,35.0,35.0,1.656341932986319,-0.5583460543187373,1,0,1,0,1,0,0,0,1,0,0,0,0,0,0
1,1,1,0.12894279597776748,0,0,134.5,26.9,1.2500957710473197,-0.5583460543187373,1,0,0,1,0,0,0,0,0,0,1,0,0,0,0
1,1,0,0.9100730179806034,0,0,35.5,35.5,1.6783256699764015,-0.5583460543187373,1,0,1,0,1,0,0,0,1,0,0,0,0,0,0
1,0,0,2.4351367847480447,0,0,26.55,26.55,1.2299754503854137,-0.5583460543187373,1,0,1,0,1,0,0,0,0,0,0,0,0,0,1
1,1,1,0.5009095683600703,0,0,135.6333,33.908325,1.6072632284397006,-0.5583460543187373,1,0,0,1,0,0,0,0,1,0,0,0,0,0,0
2,0,0,0.05454944150130691,1,0,24.0,12.0,0.03295015253995647,0.07335229062787217,0,0,0,0,1,0,0,0,0,0,0,0,0,0,1
2,1,1,-0.09423726745161422,1,0,24.0,12.0,0.03295015253995647,0.07335229062787217,0,0,0,0,0,1,0,0,0,0,0,0,0,0,1
2,0,0,0.05454944150130691,0,0,13.0,13.0,0.15106311713725742,-0.5583460543187373,1,0,1,0,1,0,0,0,0,0,0,0,0,0,1
2,0,0,-0.8381708122162198,0,0,11.5,11.5,-0.029559649975558024,-0.5583460543187373,1,0,1,0,1,0,0,0,0,0,0,0,0,0,1
2,0,0,-0.3174173308809959,0,0,10.5,10.5,-0.1624528966596744,-0.5583460543187373,1,0,1,0,1,0,0,0,0,0,0,0,0,0,1
2,0,0,0.35212285940714916,1,0,26.0,13.0,0.15106311713725742,0.07335229062787217,0,0,1,0,1,0,0,0,0,0,0,0,0,0,1
2,1,1,0.5009095683600703,1,0,26.0,13.0,0.15106311713725742,0.07335229062787217,0,0,1,0,0,1,0,0,0,0,0,0,0,0,1
2,0,0,2.063170012365742,0,0,13.0,13.0,0.15106311713725742,-0.5583460543187373,1,0,1,0,1,0,0,0,0,0,0,0,0,0,1
2,0,0,-0.8381708122162198,0,0,11.5,11.5,-0.029559649975558024,-0.5583460543187373,1,0,1,0,1,0,0,0,0,0,0,0,0,0,1
2,0,0,-0.466204039833917,0,0,10.5,10.5,-0.1624528966596744,-0.5583460543187373,1,0,1,0,1,0,0,0,0,0,0,0,0,0,1
2,1,1,0.5009095683600703,0,0,13.0,13.0,0.15106311713725742,-0.5583460543187373,1,0,1,0,0,1,0,0,0,1,0,0,0,0,0
2,0,0,-0.09423726745161422,0,0,10.5,10.5,-0.1624528966596744,-0.5583460543187373,1,0,1,0,1,0,0,0,0,0,0,0,0,0,1
2,0,0,1.6168098855069788,0,0,12.525,12.525,0.0960492675646064,-0.5583460543187373,1,0,1,0,0,0,1,0,0,0,0,0,0,0,1
2,1,0,0.20333615045422804,1,0,26.0,13.0,0.15106311713725742,0.07335229062787217,0,0,1,0,1,0,0,0,0,0,0,0,0,0,1
2,1,1,-0.7637774577397592,1,0,26.0,13.0,0.15106311713725742,0.07335229062787217,0,0,1,0,0,1,0,0,0,0,0,0,0,0,1
2,0,0,-0.09423726745161422,0,0,26.0,13.0,0.15106311713725742,-0.5583460543187373,1,0,1,0,1,0,0,0,0,0,0,0,0,0,1
2,1,0,-2.102857838316049,2,1,39.0,9.75,-0.26994051748508585,1.3367489805210908,0,0,1,0,0,0,0,0,0,0,0,1,0,0,0
2,1,1,-1.8796777748866678,2,1,39.0,9.75,-0.26994051748508585,1.3367489805210908,0,0,1,1,0,0,0,0,0,0,0,1,0,0,0
2,1,1,-1.2845309390749833,2,1,39.0,9.75,-0.26994051748508585,1.3367489805210908,0,0,1,1,0,0,0,0,0,0,0,1,0,0,0
2,1,1,0.5009095683600703,0,3,39.0,9.75,-0.26994051748508585,1.3367489805210908,0,0,1,0,0,1,0,0,0,0,0,1,0,0,0
2,1,0,0.35212285940714916,0,0,13.0,13.0,0.15106311713725742,-0.5583460543187373,1,0,1,0,1,0,0,0,0,1,0,0,0,0,0
2,1,1,-0.7637774577397592,0,0,13.0,13.0,0.15106311713725742,-0.5583460543187373,1,0,1,1,0,0,0,0,0,0,0,0,0,0,1
2,0,0,-0.466204039833917,0,0,13.0,13.0,0.15106311713725742,-0.5583460543187373,1,0,1,0,1,0,0,0,0,0,0,0,0,0,1
2,0,0,-0.24302397640453532,0,0,13.0,13.0,0.15106311713725742,-0.5583460543187373,1,0,1,0,1,0,0,0,0,0,0,0,0,0,1
2,0,0,0.9472696952188336,0,0,13.0,13.0,0.15106311713725742,-0.5583460543187373,1,0,1,0,1,0,0,0,0,0,0,0,0,0,1
2,0,0,-0.16863062192807476,0,0,13.0,13.0,0.15106311713725742,-0.5583460543187373,1,0,1,0,1,0,0,0,0,0,0,0,0,0,1
2,1,1,-0.39181068535745645,0,0,13.0,13.0,0.15106311713725742,-0.5583460543187373,1,0,1,1,0,0,0,0,0,0,0,1,0,0,0
2,1,1,-1.0613508756456016,0,2,39.0,13.0,0.15106311713725742,0.7050506355744817,0,0,1,1,0,0,0,0,0,0,0,0,0,0,1
2,0,0,2.2863500757951236,1,1,39.0,13.0,0.15106311713725742,0.7050506355744817,0,0,1,0,1,0,0,0,0,0,0,0,0,0,1
2,1,1,0.7984829862659125,1,1,39.0,13.0,0.15106311713725742,0.7050506355744817,0,0,1,0,0,1,0,0,0,0,0,0,0,0,1
2,1,1,-0.6893841032632987,1,0,26.0,13.0,0.15106311713725742,0.07335229062787217,0,0,1,1,0,0,0,0,0,0,0,0,0,0,1
2,0,0,-0.3174173308809959,1,0,26.0,13.0,0.15106311713725742,0.07335229062787217,0,0,1,0,1,0,0,0,0,0,0,0,0,0,1
2,1,1,0.5009095683600703,0,0,13.0,13.0,0.15106311713725742,-0.5583460543187373,1,0,1,1,0,0,0,0,0,0,0,0,0,0,1
2,0,0,-0.3174173308809959,0,0,13.0,13.0,0.15106311713725742,-0.5583460543187373,1,0,1,0,1,0,0,0,0,0,0,0,0,0,1
2,0,0,0.9472696952188336,0,0,13.0,13.0,0.15106311713725742,-0.5583460543187373,1,0,1,0,0,0,1,0,0,0,0,0,0,0,1
2,1,1,0.9472696952188336,0,0,13.0,13.0,0.15106311713725742,-0.5583460543187373,1,0,1,0,0,1,0,0,0,0,0,0,0,0,1
2,1,0,-2.115259210507275,0,2,29.0,9.666666666666666,-0.2823436591689116,0.7050506355744817,0,0,1,0,0,0,0,0,0,0,0,0,0,0,1
2,1,0,-0.24302397640453532,1,1,29.0,9.666666666666666,-0.2823436591689116,0.7050506355744817,0,0,1,0,1,0,0,0,0,0,0,0,0,0,1
2,1,1,-0.5405973943103776,1,1,29.0,9.666666666666666,-0.2823436591689116,0.7050506355744817,0,0,1,0,0,1,0,0,0,0,0,0,0,0,1
2,1,1,0.4265162138836097,0,0,21.0,10.5,-0.1624528966596744,-0.5583460543187373,1,0,1,1,0,0,0,0,0,0,0,0,0,0,1
2,0,0,0.05454944150130691,0,0,15.05,5.016666666666667,-1.1949354652106525,-0.5583460543187373,1,0,1,0,1,0,0,0,0,0,0,0,0,0,1
2,0,0,-0.7637774577397592,0,0,13.0,13.0,0.15106311713725742,-0.5583460543187373,1,0,1,0,1,0,0,0,0,0,0,0,0,0,1
2,0,1,1.0960564041717549,1,0,26.0,13.0,0.15106311713725742,0.07335229062787217,0,0,1,0,0,1,0,0,0,0,0,0,0,0,1
2,0,0,1.8399899489363605,1,0,26.0,13.0,0.15106311713725742,0.07335229062787217,0,0,1,0,0,0,1,0,0,0,0,0,0,0,1
2,0,0,1.6912032399834394,0,0,13.5,13.5,0.2069915104542913,-0.5583460543187373,1,0,1,0,1,0,0,0,0,0,0,0,0,0,1
2,0,0,0.5753029228365308,1,0,26.0,13.0,0.15106311713725742,0.07335229062787217,0,0,1,0,1,0,0,0,0,0,0,0,0,0,1
2,0,1,-0.01984391297515365,1,0,26.0,13.0,0.15106311713725742,0.07335229062787217,0,0,1,0,0,1,0,0,0,0,0,0,0,0,1
2,1,1,-0.3174173308809959,1,1,30.0,15.0,0.3638848715494984,0.7050506355744817,0,0,1,1,0,0,0,0,0,0,0,0,0,0,1
2,1,1,1.1704497586482154,0,2,30.0,15.0,0.3638848715494984,0.7050506355744817,0,0,1,0,0,1,0,0,0,0,0,0,0,0,1
2,0,0,-0.01984391297515365,1,0,26.0,13.0,0.15106311713725742,0.07335229062787217,0,0,1,0,1,0,0,0,0,0,0,0,0,0,1
2,1,1,-0.09423726745161422,1,0,26.0,13.0,0.15106311713725742,0.07335229062787217,0,0,1,0,0,1,0,0,0,0,0,0,0,0,1
2,0,0,-0.01984391297515365,0,0,10.5,10.5,-0.1624528966596744,-0.5583460543187373,1,0,1,0,1,0,0,0,0,0,0,0,0,0,1
2,0,0,-0.09423726745161422,0,0,13.0,13.0,0.15106311713725742,-0.5583460543187373,1,0,1,0,1,0,0,0,0,0,0,0,0,0,1
2,1,0,-0.39181068535745645,0,0,10.5,10.5,-0.1624528966596744,-0.5583460543187373,1,0,1,0,1,0,0,0,0,0,0,0,0,0,1
2,1,1,-1.5821043569808255,0,2,26.25,8.75,-0.42555628679821583,0.7050506355744817,0,0,1,1,0,0,0,0,0,0,0,0,0,0,1
2,0,0,0.12894279597776748,1,1,26.25,8.75,-0.42555628679821583,0.7050506355744817,0,0,1,0,1,0,0,0,0,0,0,0,0,0,1
2,1,1,0.12894279597776748,1,1,26.25,8.75,-0.42555628679821583,0.7050506355744817,0,0,1,0,0,1,0,0,0,0,0,0,0,0,1
2,1,1,-0.5405973943103776,0,0,10.5,10.5,-0.1624528966596744,-0.5583460543187373,1,0,1,0,0,1,0,0,0,0,0,1,0,0,0
2,0,1,0.05454944150130691,0,0,13.0,13.0,0.15106311713725742,-0.5583460543187373,1,0,1,0,0,1,0,0,0,0,0,0,0,0,1
2,0,1,0.0917461187395372,0,0,21.0,10.5,-0.1624528966596744,-0.5583460543187373,1,0,1,0,0,1,0,0,0,0,0,0,0,0,1
2,0,0,-0.6149907487868381,0,0,11.5,11.5,-0.029559649975558024,-0.5583460543187373,1,0,1,0,1,0,0,0,0,0,0,0,0,0,1
2,0,0,0.05454944150130691,0,0,15.05,5.016666666666667,-1.1949354652106525,-0.5583460543187373,1,0,1,0,1,0,0,0,0,0,0,0,0,0,1
2,1,0,-1.5821043569808255,1,1,36.75,9.1875,-0.3555979114847273,0.7050506355744817,0,0,1,0,0,0,0,0,0,0,0,0,0,0,1
2,0,0,-0.8381708122162198,0,0,73.5,10.5,-0.1624528966596744,-0.5583460543187373,1,0,1,0,1,0,0,0,0,0,0,0,0,0,1
2,1,1,1.3936298220775971,0,2,36.75,9.1875,-0.3555979114847273,0.7050506355744817,0,0,1,0,0,1,0,0,0,0,0,0,0,0,1
2,1,1,-0.09423726745161422,0,0,13.0,13.0,0.15106311713725742,-0.5583460543187373,1,0,1,1,0,0,0,0,0,0,0,0,0,0,1
2,0,0,0.20333615045422804,0,0,13.0,13.0,0.15106311713725742,-0.5583460543187373,1,0,1,0,1,0,0,0,0,0,0,0,0,0,1
2,0,0,-0.9125641666926804,0,0,73.5,10.5,-0.1624528966596744,-0.5583460543187373,1,0,1,0,1,0,0,0,0,0,0,0,0,0,1
2,0,0,-0.01984391297515365,1,0,27.7208,13.8604,0.2461212777063383,0.07335229062787217,0,0,0,0,1,0,0,0,0,0,0,0,0,0,1
2,1,1,-0.39181068535745645,1,0,27.7208,13.8604,0.2461212777063383,0.07335229062787217,0,0,0,0,0,1,0,0,0,0,0,0,0,0,1
2,0,0,-0.3174173308809959,0,0,31.5,10.5,-0.1624528966596744,-0.5583460543187373,1,0,1,0,1,0,0,0,0,0,0,0,0,0,1
2,0,0,-0.8381708122162198,0,0,73.5,10.5,-0.1624528966596744,-0.5583460543187373,1,0,1,0,1,0,0,0,0,0,0,0,0,0,1
2,1,1,-0.8381708122162198,0,1,23.0,11.5,-0.029559649975558024,0.07335229062787217,0,0,1,1,0,0,0,0,0,0,0,0,0,0,1
2,1,1,0.35212285940714916,0,1,23.0,11.5,-0.029559649975558024,0.07335229062787217,0,0,1,0,0,1,0,0,0,0,0,0,0,0,1
2,0,0,1.8399899489363605,0,0,26.0,13.0,0.15106311713725742,-0.5583460543187373,1,0,1,0,1,0,0,0,0,0,0,0,0,0,1
2,1,0,-1.5821043569808255,0,2,32.5,10.833333333333334,-0.11691277958684716,0.7050506355744817,0,0,1,0,0,0,0,0,0,0,0,0,0,0,1
2,0,0,0.9472696952188336,1,1,32.5,10.833333333333334,-0.11691277958684716,0.7050506355744817,0,0,1,0,1,0,0,0,0,0,0,0,0,0,1
2,1,1,0.35212285940714916,1,1,32.5,10.833333333333334,-0.11691277958684716,0.7050506355744817,0,0,1,0,0,1,0,0,0,0,0,0,0,0,1
2,1,1,-0.16863062192807476,1,0,13.8583,13.8583,0.24589603428065435,0.07335229062787217,0,0,0,1,0,0,0,0,0,0,0,0,0,0,1
2,1,1,0.05454944150130691,1,0,13.8583,13.8583,0.24589603428065435,0.07335229062787217,0,0,0,1,0,0,0,0,0,0,0,0,0,0,1
2,0,0,-0.466204039833917,0,0,13.0,13.0,0.15106311713725742,-0.5583460543187373,1,0,1,0,1,0,0,0,0,0,0,0,0,0,1
2,0,0,-0.6149907487868381,0,0,13.0,13.0,0.15106311713725742,-0.5583460543187373,1,0,1,0,1,0,0,0,0,0,0,0,0,0,1
2,0,0,-0.8381708122162198,0,0,13.0,13.0,0.15106311713725742,-0.5583460543187373,1,0,1,0,1,0,0,0,0,0,0,0,0,0,1
2,0,0,0.7984829862659125,1,0,26.0,13.0,0.15106311713725742,0.07335229062787217,0,0,1,0,1,0,0,0,0,0,0,0,0,0,1
2,1,1,-0.01984391297515365,1,0,26.0,13.0,0.15106311713725742,0.07335229062787217,0,0,1,0,0,1,0,0,0,0,0,0,0,0,1
2,0,0,-0.8381708122162198,0,0,10.5,10.5,-0.1624528966596744,-0.5583460543187373,1,0,1,0,1,0,0,0,0,0,0,0,0,0,1
2,0,0,0.5009095683600703,0,0,13.0,13.0,0.15106311713725742,-0.5583460543187373,1,0,1,0,1,0,0,0,0,0,0,0,0,0,1
2,0,0,0.05454944150130691,0,0,15.05,15.05,0.3688577169653789,-0.5583460543187373,1,0,1,0,1,0,0,0,0,0,0,0,0,0,1
2,0,1,0.6496962773129914,0,0,13.0,13.0,0.15106311713725742,-0.5583460543187373,1,0,1,1,0,0,0,0,0,0,0,0,0,0,1
2,0,0,0.4265162138836097,0,0,26.0,13.0,0.15106311713725742,-0.5583460543187373,1,0,1,0,1,0,0,0,0,0,0,0,0,0,1
2,0,0,0.6496962773129914,1,0,21.0,10.5,-0.1624528966596744,0.07335229062787217,0,0,1,0,1,0,0,0,0,0,0,0,0,0,1
2,0,0,0.35212285940714916,1,0,21.0,10.5,-0.1624528966596744,0.07335229062787217,0,0,1,0,1,0,0,0,0,0,0,0,0,0,1
2,1,1,0.35212285940714916,0,0,13.0,13.0,0.15106311713725742,-0.5583460543187373,1,0,1,1,0,0,0,0,0,0,0,0,0,0,1
2,0,0,-0.9869575211691409,0,0,26.0,13.0,0.15106311713725742,-0.5583460543187373,1,0,1,0,1,0,0,0,0,0,0,0,0,0,1
2,0,0,-0.24302397640453532,0,0,10.5,10.5,-0.1624528966596744,-0.5583460543187373,1,0,1,0,1,0,0,0,0,0,0,0,0,0,1
2,0,0,1.3192364676011366,0,0,10.5,10.5,-0.1624528966596744,-0.5583460543187373,1,0,1,0,1,0,0,0,0,0,0,0,0,0,1
2,0,0,-0.6149907487868381,1,0,11.5,11.5,-0.029559649975558024,0.07335229062787217,0,0,1,0,1,0,0,0,0,0,0,0,0,0,1
2,0,0,-0.6149907487868381,1,0,11.5,11.5,-0.029559649975558024,0.07335229062787217,0,0,1,0,1,0,0,0,0,0,0,0,0,0,1
2,0,0,-0.39181068535745645,0,0,13.5,13.5,0.2069915104542913,-0.5583460543187373,1,0,1,0,1,0,0,0,0,0,0,0,0,0,1
2,0,0,-0.39181068535745645,0,0,13.0,13.0,0.15106311713725742,-0.5583460543187373,1,0,1,0,1,0,0,0,0,0,0,0,0,0,1
2,0,0,0.35212285940714916,0,0,13.0,13.0,0.15106311713725742,-0.5583460543187373,1,0,1,0,1,0,0,0,0,0,0,0,0,0,1
2,0,0,0.05454944150130691,0,0,13.0,13.0,0.15106311713725742,-0.5583460543187373,1,0,1,0,1,0,0,0,0,0,0,0,0,0,1
2,0,0,1.6912032399834394,0,0,13.0,6.5,-0.843711313579494,-0.5583460543187373,1,0,1,0,1,0,0,0,0,0,0,0,0,0,1
2,0,0,0.05454944150130691,0,0,13.0,13.0,0.15106311713725742,-0.5583460543187373,1,0,1,0,1,0,0,0,0,0,0,0,0,0,1
2,1,0,-2.127653143363054,1,1,14.5,7.25,-0.6918063623869352,0.7050506355744817,0,0,1,0,0,0,0,0,0,0,0,0,0,0,1
2,1,1,-0.39181068535745645,0,2,14.5,7.25,-0.6918063623869352,0.7050506355744817,0,0,1,0,0,1,0,0,0,0,0,0,0,0,1
2,0,0,1.0960564041717549,0,0,13.0,13.0,0.15106311713725742,-0.5583460543187373,1,0,1,0,1,0,0,0,0,0,0,0,0,0,1
2,1,1,-1.7308910659337466,0,1,33.0,11.0,-0.09462156778867394,0.07335229062787217,0,0,1,1,0,0,0,0,0,0,0,0,0,0,1
2,0,0,-0.09423726745161422,0,1,33.0,11.0,-0.09462156778867394,0.07335229062787217,0,0,1,0,0,0,1,0,0,0,0,0,0,0,1
2,1,0,2.4351367847480447,0,0,10.5,10.5,-0.1624528966596744,-0.5583460543187373,1,0,1,0,1,0,0,0,0,0,0,0,0,0,1
2,0,0,0.05454944150130691,0,0,10.5,10.5,-0.1624528966596744,-0.5583460543187373,1,0,1,0,1,0,0,0,0,0,0,0,0,0,1
2,1,1,-1.656497711457286,0,2,26.25,8.75,-0.42555628679821583,0.7050506355744817,0,0,1,1,0,0,0,0,0,0,0,0,0,0,1
2,0,0,1.0216630496952943,1,1,26.25,8.75,-0.42555628679821583,0.7050506355744817,0,0,1,0,1,0,0,0,0,0,0,0,0,0,1
2,1,1,1.1704497586482154,1,1,26.25,8.75,-0.42555628679821583,0.7050506355744817,0,0,1,0,0,1,0,0,0,0,0,0,0,0,1
2,1,1,-0.39181068535745645,1,2,65.0,13.0,0.15106311713725742,1.3367489805210908,0,0,1,1,0,0,0,0,0,0,0,0,0,0,1
2,1,1,-0.39181068535745645,1,2,65.0,13.0,0.15106311713725742,1.3367489805210908,0,0,1,1,0,0,0,0,0,0,0,0,0,0,1
2,0,0,1.4680231765540577,1,2,65.0,13.0,0.15106311713725742,1.3367489805210908,0,0,1,0,1,0,0,0,0,0,0,0,0,0,1
2,1,1,1.3936298220775971,1,2,65.0,13.0,0.15106311713725742,1.3367489805210908,0,0,1,0,0,1,0,0,0,0,0,0,0,0,1
2,1,1,1.914383303412821,0,0,16.0,16.0,0.46050813085925607,-0.5583460543187373,1,0,1,0,0,1,0,0,0,0,0,0,0,0,1
2,0,0,-0.39181068535745645,2,0,73.5,10.5,-0.1624528966596744,0.7050506355744817,0,0,1,0,1,0,0,0,0,0,0,0,0,0,1
2,0,0,0.20333615045422804,2,0,73.5,10.5,-0.1624528966596744,0.7050506355744817,0,0,1,0,1,0,0,0,0,0,0,0,0,0,1
2,0,0,-0.6149907487868381,2,0,73.5,10.5,-0.1624528966596744,0.7050506355744817,0,0,1,0,1,0,0,0,0,0,0,0,0,0,1
2,0,1,-0.8381708122162198,1,1,13.0,13.0,0.15106311713725742,0.7050506355744817,0,0,1,1,0,0,0,0,0,0,0,0,0,0,1
2,1,1,-0.6893841032632987,2,1,23.0,11.5,-0.029559649975558024,1.3367489805210908,0,0,1,1,0,0,0,0,0,0,0,0,0,0,1
2,0,0,-0.466204039833917,2,1,11.5,11.5,-0.029559649975558024,1.3367489805210908,0,0,1,0,1,0,0,0,0,0,0,0,0,0,1
2,0,0,0.5009095683600703,0,0,13.0,13.0,0.15106311713725742,-0.5583460543187373,1,0,1,0,1,0,0,0,0,0,0,0,0,0,1
2,1,1,1.8399899489363605,1,3,23.0,11.5,-0.029559649975558024,1.9684473254677004,0,0,1,0,0,1,0,0,0,0,0,0,0,0,1
2,0,0,1.5424165310305182,0,0,13.0,13.0,0.15106311713725742,-0.5583460543187373,1,0,1,0,1,0,0,0,0,0,0,0,0,0,1
2,0,0,1.0960564041717549,1,0,26.0,13.0,0.15106311713725742,0.07335229062787217,0,0,1,0,1,0,0,0,0,0,0,0,0,0,1
2,1,1,-0.01984391297515365,1,0,26.0,13.0,0.15106311713725742,0.07335229062787217,0,0,1,0,0,1,0,0,0,0,0,0,0,0,1
2,0,0,-0.6149907487868381,0,0,73.5,10.5,-0.1624528966596744,-0.5583460543187373,1,0,1,0,1,0,0,0,0,0,0,0,0,0,1
2,1,0,0.9472696952188336,0,0,13.0,13.0,0.15106311713725742,-0.5583460543187373,1,0,1,0,1,0,0,0,0,0,0,0,0,0,1
2,0,0,2.5095301392245055,1,0,26.0,13.0,0.15106311713725742,0.07335229062787217,0,0,1,0,1,0,0,0,0,0,0,0,0,0,1
2,0,1,2.2863500757951236,1,0,26.0,13.0,0.15106311713725742,0.07335229062787217,0,0,1,0,0,1,0,0,0,0,0,0,0,0,1
2,0,0,0.2777295049306886,0,0,12.275,12.275,0.06631341131479518,-0.5583460543187373,1,0,1,0,1,0,0,0,0,0,0,0,0,0,1
2,1,1,-0.9125641666926804,0,0,10.5,10.5,-0.1624528966596744,-0.5583460543187373,1,0,1,1,0,0,0,0,0,0,0,0,0,0,1
2,0,0,0.9472696952188336,1,0,27.0,13.5,0.2069915104542913,0.07335229062787217,0,0,1,0,1,0,0,0,0,0,0,0,0,0,1
2,1,1,-0.39181068535745645,2,1,27.0,13.5,0.2069915104542913,1.3367489805210908,0,0,1,0,0,1,0,0,0,0,0,0,0,0,1
2,0,0,1.3192364676011366,0,0,15.0,15.0,0.3638848715494984,-0.5583460543187373,1,0,1,0,1,0,0,0,0,0,0,0,0,0,1
2,0,0,-0.39181068535745645,2,0,31.5,10.5,-0.1624528966596744,0.7050506355744817,0,0,1,0,1,0,0,0,0,0,0,0,0,0,1
2,0,0,-0.5405973943103776,2,0,31.5,10.5,-0.1624528966596744,0.7050506355744817,0,0,1,0,1,0,0,0,0,0,0,0,0,0,1
2,0,0,0.20333615045422804,0,0,10.5,10.5,-0.1624528966596744,-0.5583460543187373,1,0,1,0,1,0,0,0,0,0,0,0,0,0,1
2,1,1,-0.466204039833917,0,0,13.7917,13.7917,0.23873603632706694,-0.5583460543187373,1,0,0,0,0,1,0,0,0,1,0,0,0,0,0
2,0,0,0.35212285940714916,1,0,26.0,13.0,0.15106311713725742,0.07335229062787217,0,0,1,0,1,0,0,0,0,0,0,0,0,0,1
2,1,1,-0.39181068535745645,1,0,26.0,13.0,0.15106311713725742,0.07335229062787217,0,0,1,0,0,1,0,0,0,0,0,0,0,0,1
2,0,1,-0.5405973943103776,0,0,21.0,10.5,-0.1624528966596744,-0.5583460543187373,1,0,1,0,0,1,0,0,0,0,0,0,0,0,1
2,1,1,-0.6893841032632987,0,0,12.35,12.35,0.07529256555914153,-0.5583460543187373,1,1,0,1,0,0,0,0,0,0,1,0,0,0,0
2,0,0,0.4265162138836097,0,0,12.35,12.35,0.07529256555914153,-0.5583460543187373,1,1,0,0,1,0,0,0,0,0,0,0,0,0,1
2,1,1,1.1704497586482154,0,0,13.5,13.5,0.2069915104542913,-0.5583460543187373,1,0,1,0,0,1,0,0,0,0,0,0,0,0,1
2,0,0,2.063170012365742,0,0,12.35,12.35,0.07529256555914153,-0.5583460543187373,1,1,0,0,0,0,1,0,0,0,0,0,0,0,1
2,0,0,0.05454944150130691,0,0,15.05,15.05,0.3688577169653789,-0.5583460543187373,1,0,1,0,1,0,0,0,0,0,0,0,0,0,1
2,0,0,0.12894279597776748,0,0,10.5,10.5,-0.1624528966596744,-0.5583460543187373,1,0,1,0,1,0,0,0,0,0,0,0,0,0,1
2,0,1,-0.24302397640453532,1,1,26.0,13.0,0.15106311713725742,0.7050506355744817,0,0,1,0,0,1,0,0,0,0,0,0,0,0,1
2,0,0,0.05454944150130691,1,1,26.0,13.0,0.15106311713725742,0.7050506355744817,0,0,1,0,0,0,1,0,0,0,0,0,0,0,1
2,0,0,0.05454944150130691,0,0,10.7083,10.7083,-0.13384273982783865,-0.5583460543187373,1,1,0,0,1,0,0,0,0,0,0,0,0,0,1
2,1,1,-2.102857838316049,1,2,41.5792,10.3948,-0.17709975828319321,1.3367489805210908,0,0,0,1,0,0,0,0,0,0,0,0,0,0,1
2,1,1,-1.9540711293631283,1,2,41.5792,10.3948,-0.17709975828319321,1.3367489805210908,0,0,0,1,0,0,0,0,0,0,0,0,0,0,1
2,0,0,-0.3174173308809959,1,2,41.5792,10.3948,-0.17709975828319321,1.3367489805210908,0,0,0,0,1,0,0,0,0,0,0,0,0,0,1
2,1,1,-0.5405973943103776,1,2,41.5792,10.3948,-0.17709975828319321,1.3367489805210908,0,0,0,0,0,1,0,0,0,0,0,0,0,0,1
2,1,1,-0.9125641666926804,0,0,12.0,12.0,0.03295015253995647,-0.5583460543187373,1,0,0,1,0,0,0,0,0,0,0,0,0,0,1
2,1,1,-0.6893841032632987,0,0,33.0,11.0,-0.09462156778867394,-0.5583460543187373,1,0,1,1,0,0,0,0,0,0,0,0,0,0,1
2,1,1,0.35212285940714916,0,0,10.5,10.5,-0.1624528966596744,-0.5583460543187373,1,0,1,0,0,1,0,0,0,0,0,1,0,0,0
2,0,0,0.5009095683600703,0,0,12.875,12.875,0.13676888981767424,-0.5583460543187373,1,0,0,0,1,0,0,0,0,1,0,0,0,0,0
2,0,0,-0.39181068535745645,0,0,10.5,10.5,-0.1624528966596744,-0.5583460543187373,1,0,1,0,1,0,0,0,0,0,0,0,0,0,1
2,0,0,2.3607434302715844,0,0,12.35,12.35,0.07529256555914153,-0.5583460543187373,1,1,0,0,1,0,0,0,0,0,0,0,0,0,1
2,0,0,1.5424165310305182,1,0,26.0,13.0,0.15106311713725742,0.07335229062787217,0,0,1,0,1,0,0,0,0,0,0,0,0,0,1
2,1,1,0.9472696952188336,1,0,26.0,13.0,0.15106311713725742,0.07335229062787217,0,0,1,0,0,1,0,0,0,0,0,0,0,0,1
2,0,1,2.063170012365742,0,0,10.5,5.25,-1.134294620032141,-0.5583460543187373,1,0,1,0,0,1,0,0,0,0,1,0,0,0,0
2,0,0,0.05454944150130691,0,0,15.0458,15.0458,0.36844059436229976,-0.5583460543187373,1,0,0,0,1,0,0,0,0,1,0,0,0,0,0
2,1,0,-2.102857838316049,0,2,37.0042,12.334733333333332,0.07346890485626123,0.7050506355744817,0,0,0,0,0,0,0,0,0,0,0,0,0,0,1
2,0,0,0.12894279597776748,1,1,37.0042,12.334733333333332,0.07346890485626123,0.7050506355744817,0,0,0,0,1,0,0,0,0,0,0,0,0,0,1
2,1,1,-0.39181068535745645,1,1,37.0042,12.334733333333332,0.07346890485626123,0.7050506355744817,0,0,0,0,0,1,0,0,0,0,0,0,0,0,1
2,0,0,0.05454944150130691,0,0,15.5792,15.5792,0.42056052486801854,-0.5583460543187373,1,0,0,0,1,0,0,0,0,0,0,0,0,0,1
2,0,0,0.05454944150130691,0,0,13.0,13.0,0.15106311713725742,-0.5583460543187373,1,0,1,0,1,0,0,0,0,0,0,0,0,0,1
2,0,0,0.7984829862659125,0,0,16.0,16.0,0.46050813085925607,-0.5583460543187373,1,0,1,0,1,0,0,0,0,0,0,0,0,0,1
2,0,0,0.20333615045422804,0,0,13.5,13.5,0.2069915104542913,-0.5583460543187373,1,0,1,0,1,0,0,0,0,0,0,0,0,0,1
2,0,0,0.05454944150130691,0,0,13.0,13.0,0.15106311713725742,-0.5583460543187373,1,0,1,0,1,0,0,0,0,0,0,0,0,0,1
2,0,0,1.244843113124676,0,0,26.0,13.0,0.15106311713725742,-0.5583460543187373,1,0,1,0,1,0,0,0,0,0,0,0,0,0,1
2,1,1,-1.2101375845985227,0,1,19.5,9.75,-0.26994051748508585,0.07335229062787217,0,0,1,1,0,0,0,0,0,0,0,0,0,0,1
2,1,1,0.8728763407423731,0,1,19.5,9.75,-0.26994051748508585,0.07335229062787217,0,0,1,0,0,1,0,0,0,0,0,0,0,0,1
2,1,0,-0.7637774577397592,0,0,10.5,10.5,-0.1624528966596744,-0.5583460543187373,1,0,1,0,1,0,0,0,0,0,0,0,0,0,1
2,0,0,0.724089631789452,0,0,13.0,13.0,0.15106311713725742,-0.5583460543187373,1,0,1,0,1,0,0,0,0,0,0,0,0,0,1
2,0,0,1.3936298220775971,0,0,13.0,13.0,0.15106311713725742,-0.5583460543187373,1,0,1,0,1,0,0,0,0,0,0,0,0,0,1
2,0,0,3.030283620559729,0,0,10.5,10.5,-0.1624528966596744,-0.5583460543187373,1,0,1,0,1,0,0,0,0,0,0,0,0,0,1
2,0,0,-0.16863062192807476,0,0,13.0,13.0,0.15106311713725742,-0.5583460543187373,1,0,1,0,0,0,1,0,0,0,0,0,0,0,1
2,0,0,1.8399899489363605,0,0,14.0,14.0,0.26102365647708897,-0.5583460543187373,1,0,1,0,0,0,1,0,0,0,0,0,0,0,1
2,0,0,0.724089631789452,0,0,26.0,13.0,0.15106311713725742,-0.5583460543187373,1,0,1,0,1,0,0,0,0,0,0,0,0,0,1
2,0,0,-0.9869575211691409,0,0,10.5,5.25,-1.134294620032141,-0.5583460543187373,1,0,1,0,1,0,0,0,0,0,0,0,0,0,1
2,0,0,2.4351367847480447,0,0,9.6875,9.6875,-0.279233812986544,-0.5583460543187373,1,1,0,0,1,0,0,0,0,0,0,0,0,0,1
2,0,0,0.24053282769245832,1,0,30.0708,15.0354,0.36740724925839235,0.07335229062787217,0,0,0,0,1,0,0,0,0,0,0,0,0,0,1
2,1,1,-1.1357442301220622,1,0,30.0708,15.0354,0.36740724925839235,0.07335229062787217,0,0,0,0,0,1,0,0,0,0,0,0,0,0,1
2,1,0,-2.028464483839589,1,1,26.0,8.666666666666666,-0.43923702026411937,0.7050506355744817,0,0,1,0,0,0,0,0,0,0,0,1,0,0,0
2,1,0,-1.9540711293631283,1,1,26.0,8.666666666666666,-0.43923702026411937,0.7050506355744817,0,0,1,0,0,0,0,0,0,0,0,1,0,0,0
2,0,0,0.5381062455983006,0,2,26.0,8.666666666666666,-0.43923702026411937,0.7050506355744817,0,0,1,0,1,0,0,0,0,0,0,1,0,0,0
2,0,0,-0.24302397640453532,0,0,13.0,13.0,0.15106311713725742,-0.5583460543187373,1,0,1,0,1,0,0,0,0,0,0,1,0,0,0
2,0,0,-0.7637774577397592,1,1,36.75,9.1875,-0.3555979114847273,0.7050506355744817,0,0,1,0,1,0,0,0,0,0,0,0,0,0,1
2,0,0,-0.09423726745161422,0,0,13.5,13.5,0.2069915104542913,-0.5583460543187373,1,0,1,0,1,0,0,0,0,0,0,0,0,0,1
2,1,0,-0.6893841032632987,0,0,13.8625,13.8625,0.24634648930395844,-0.5583460543187373,1,0,0,0,1,0,0,0,0,1,0,0,0,0,0
2,1,1,-0.01984391297515365,0,0,10.5,10.5,-0.1624528966596744,-0.5583460543187373,1,0,1,0,0,1,0,0,0,0,0,1,0,0,0
2,0,0,0.724089631789452,0,0,13.0,13.0,0.15106311713725742,-0.5583460543187373,1,0,1,0,1,0,0,0,0,0,0,0,0,0,1
2,1,0,-0.5405973943103776,0,0,10.5,10.5,-0.1624528966596744,-0.5583460543187373,1,0,1,0,1,0,0,0,0,0,0,0,0,0,1
2,1,0,0.05454944150130691,0,0,13.8625,13.8625,0.24634648930395844,-0.5583460543187373,1,0,0,0,1,0,0,0,0,0,0,0,0,0,1
2,0,0,-0.466204039833917,0,0,10.5,10.5,-0.1624528966596744,-0.5583460543187373,1,0,1,0,0,0,1,0,0,0,0,0,0,0,1
2,1,0,-0.01984391297515365,0,0,13.8583,13.8583,0.24589603428065435,-0.5583460543187373,1,0,0,0,1,0,0,0,0,0,0,0,0,0,1
2,0,0,-0.09423726745161422,0,0,10.5,10.5,-0.1624528966596744,-0.5583460543187373,1,0,1,0,1,0,0,0,0,0,0,0,0,0,1
2,0,0,0.05454944150130691,0,0,15.05,5.016666666666667,-1.1949354652106525,-0.5583460543187373,1,0,1,0,1,0,0,0,0,0,0,0,0,0,1
2,1,1,1.5424165310305182,0,1,26.0,13.0,0.15106311713725742,0.07335229062787217,0,0,1,0,0,1,0,0,0,0,0,0,0,0,1
2,0,0,-0.7637774577397592,0,0,10.5,10.5,-0.1624528966596744,-0.5583460543187373,1,0,1,0,1,0,0,0,0,0,0,0,0,0,1
2,0,0,0.05454944150130691,0,0,15.05,15.05,0.3688577169653789,-0.5583460543187373,1,0,0,0,1,0,0,0,0,0,0,0,0,0,1
2,0,0,0.8728763407423731,0,0,13.0,13.0,0.15106311713725742,-0.5583460543187373,1,0,1,0,0,0,1,0,0,0,0,0,0,0,1
2,1,1,-0.6149907487868381,0,1,21.0,10.5,-0.1624528966596744,0.07335229062787217,0,0,1,1,0,0,0,0,0,0,0,0,0,0,1
2,1,1,-0.7637774577397592,0,0,26.0,13.0,0.15106311713725742,-0.5583460543187373,1,0,1,1,0,0,0,0,0,0,0,0,0,0,1
2,0,0,1.0216630496952943,0,1,21.0,10.5,-0.1624528966596744,0.07335229062787217,0,0,1,0,1,0,0,0,0,0,0,0,0,0,1
2,1,1,0.20333615045422804,0,0,13.0,13.0,0.15106311713725742,-0.5583460543187373,1,0,1,0,0,1,0,0,0,0,0,0,0,0,1
2,0,0,0.35212285940714916,0,0,13.0,6.5,-0.843711313579494,-0.5583460543187373,1,0,1,0,1,0,0,0,0,0,0,0,0,0,1
2,1,0,0.05454944150130691,0,0,12.7375,12.7375,0.12089573707633464,-0.5583460543187373,1,0,0,0,1,0,0,0,0,0,0,0,0,0,1
2,0,0,-0.16863062192807476,0,0,15.0333,15.0333,0.3671985117107736,-0.5583460543187373,1,0,0,0,1,0,0,0,0,0,0,0,0,0,1
2,1,1,-2.028464483839589,1,1,26.0,8.666666666666666,-0.43923702026411937,0.7050506355744817,0,0,1,1,0,0,0,0,0,0,0,0,0,0,1
2,1,1,-1.5821043569808255,1,1,26.0,8.666666666666666,-0.43923702026411937,0.7050506355744817,0,0,1,1,0,0,0,0,0,0,0,0,0,0,1
2,1,1,0.2777295049306886,0,2,26.0,8.666666666666666,-0.43923702026411937,0.7050506355744817,0,0,1,0,0,1,0,0,0,0,0,0,0,0,1
2,0,0,0.5009095683600703,0,0,10.5,10.5,-0.1624528966596744,-0.5583460543187373,1,0,1,0,1,0,0,0,0,0,0,0,0,0,1
2,0,0,0.35212285940714916,1,0,21.0,10.5,-0.1624528966596744,0.07335229062787217,0,0,1,0,1,0,0,0,0,0,0,0,0,0,1
2,1,1,0.05454944150130691,3,0,21.0,10.5,-0.1624528966596744,1.3367489805210908,0,0,1,0,0,1,0,0,0,0,0,0,0,0,1
2,1,1,-0.09423726745161422,0,0,13.0,13.0,0.15106311713725742,-0.5583460543187373,1,0,1,1,0,0,0,0,0,0,0,0,0,0,1
2,0,0,-0.466204039833917,0,0,15.0458,15.0458,0.36844059436229976,-0.5583460543187373,1,0,0,0,1,0,0,0,0,0,0,0,0,0,1
2,1,0,-2.115259210507275,1,1,18.75,6.25,-0.8977434596022917,0.7050506355744817,0,0,1,0,0,0,0,0,0,0,0,0,0,0,1
2,1,0,-1.9540711293631283,1,1,18.75,6.25,-0.8977434596022917,0.7050506355744817,0,0,1,0,0,0,0,0,0,0,0,0,0,0,1
2,1,1,-0.39181068535745645,2,3,18.75,6.25,-0.8977434596022917,2.6001456704143098,0,0,1,0,0,1,0,0,0,0,0,0,0,0,1
2,1,1,1.5424165310305182,0,0,10.5,10.5,-0.1624528966596744,-0.5583460543187373,1,0,1,1,0,0,0,0,0,0,0,0,0,0,1
2,0,0,-0.7637774577397592,0,0,10.5,10.5,-0.1624528966596744,-0.5583460543187373,1,0,1,0,1,0,0,0,0,0,0,0,0,0,1
2,1,1,-0.6149907487868381,0,0,10.5,10.5,-0.1624528966596744,-0.5583460543187373,1,0,1,1,0,0,0,0,0,0,0,0,0,0,1
2,0,0,-0.24302397640453532,0,0,13.0,13.0,0.15106311713725742,-0.5583460543187373,1,0,1,0,1,0,0,0,0,0,0,0,0,0,1
2,0,0,-0.3174173308809959,0,0,13.0,13.0,0.15106311713725742,-0.5583460543187373,1,0,1,0,1,0,0,0,0,0,0,0,0,0,1
2,0,0,-0.16863062192807476,0,0,26.0,13.0,0.15106311713725742,-0.5583460543187373,1,0,1,0,1,0,0,0,0,0,0,0,0,0,1
2,1,1,-0.3174173308809959,0,1,26.0,13.0,0.15106311713725742,0.07335229062787217,0,0,1,0,0,1,0,0,0,0,0,0,0,0,1
2,1,1,-0.8381708122162198,0,2,13.0,13.0,0.15106311713725742,0.7050506355744817,0,0,1,1,0,0,0,0,0,0,0,0,0,0,1
2,1,1,-0.6893841032632987,0,0,36.75,9.1875,-0.3555979114847273,-0.5583460543187373,1,0,1,1,0,0,0,0,0,0,0,0,0,0,1
2,1,1,0.05454944150130691,0,0,13.0,13.0,0.15106311713725742,-0.5583460543187373,1,0,1,1,0,0,0,0,0,0,0,0,0,0,1
2,0,0,2.2119567213186633,0,0,13.5,13.5,0.2069915104542913,-0.5583460543187373,1,0,1,0,1,0,0,0,0,0,0,0,0,0,1
2,1,1,0.05454944150130691,0,0,12.35,12.35,0.07529256555914153,-0.5583460543187373,1,1,0,1,0,0,0,0,0,0,0,0,0,0,1
2,0,0,0.4265162138836097,0,0,10.5,10.5,-0.1624528966596744,-0.5583460543187373,1,0,1,0,1,0,0,0,0,0,0,0,0,0,1
2,1,1,0.7984829862659125,0,0,13.0,13.0,0.15106311713725742,-0.5583460543187373,1,0,1,1,0,0,0,0,0,0,0,0,0,0,1
2,0,0,-0.3174173308809959,0,0,13.0,13.0,0.15106311713725742,-0.5583460543187373,1,0,1,0,1,0,0,0,0,0,0,0,0,0,1
2,0,0,0.8728763407423731,0,0,15.0458,15.0458,0.36844059436229976,-0.5583460543187373,1,0,0,0,1,0,0,0,0,0,0,0,0,0,1
2,0,0,-0.3174173308809959,0,0,10.5,10.5,-0.1624528966596744,-0.5583460543187373,1,0,1,0,1,0,0,0,0,0,0,0,0,0,1
2,0,0,-0.8009741349779895,0,0,13.0,13.0,0.15106311713725742,-0.5583460543187373,1,0,1,0,1,0,0,0,0,0,0,1,0,0,0
2,0,0,-1.1357442301220622,0,0,65.0,13.0,0.15106311713725742,-0.5583460543187373,1,0,1,0,1,0,0,0,0,0,0,0,0,0,1
2,1,1,1.5424165310305182,0,0,10.5,10.5,-0.1624528966596744,-0.5583460543187373,1,0,1,1,0,0,0,0,0,0,0,0,0,0,1
2,0,0,-0.466204039833917,0,0,13.0,13.0,0.15106311713725742,-0.5583460543187373,1,0,1,0,1,0,0,0,0,0,0,0,0,0,1
2,1,1,-0.09423726745161422,0,0,12.65,12.65,0.11071170458036322,-0.5583460543187373,1,0,1,0,0,1,0,0,0,0,0,0,0,0,1
2,1,1,-0.16863062192807476,0,0,10.5,10.5,-0.1624528966596744,-0.5583460543187373,1,0,1,1,0,0,0,0,0,0,1,0,0,0,0
2,0,0,-0.01984391297515365,1,0,21.0,10.5,-0.1624528966596744,0.07335229062787217,0,0,1,0,1,0,0,0,0,0,0,0,0,0,1
2,0,1,-0.16863062192807476,1,0,21.0,10.5,-0.1624528966596744,0.07335229062787217,0,0,1,0,0,1,0,0,0,0,0,0,0,0,1
2,0,0,0.7984829862659125,0,0,13.0,13.0,0.15106311713725742,-0.5583460543187373,1,0,1,0,1,0,0,0,0,0,0,0,0,0,1
2,1,1,0.12894279597776748,0,0,21.0,10.5,-0.1624528966596744,-0.5583460543187373,1,0,1,1,0,0,0,0,0,0,0,0,0,0,1
2,0,0,0.05454944150130691,1,0,21.0,10.5,-0.1624528966596744,0.07335229062787217,0,0,1,0,1,0,0,0,0,0,0,0,0,0,1
2,0,0,-0.466204039833917,1,0,10.5,10.5,-0.1624528966596744,0.07335229062787217,0,0,1,0,1,0,0,0,0,0,0,0,0,0,1
2,1,1,0.12894279597776748,0,0,21.0,10.5,-0.1624528966596744,-0.5583460543187373,1,0,1,0,0,1,0,0,0,0,0,0,0,0,1
2,0,0,0.05454944150130691,0,0,15.05,15.05,0.3688577169653789,-0.5583460543187373,1,0,1,0,1,0,0,0,0,0,0,0,0,0,1
2,1,1,-1.2845309390749833,0,0,15.75,7.875,-0.5754192189250195,-0.5583460543187373,1,0,1,1,0,0,0,0,0,0,0,0,0,0,1
2,1,1,0.7984829862659125,0,0,15.75,7.875,-0.5754192189250195,-0.5583460543187373,1,0,1,0,0,1,0,0,0,0,0,0,0,0,1
2,1,1,0.24053282769245832,0,0,13.0,13.0,0.15106311713725742,-0.5583460543187373,1,0,1,1,0,0,0,0,0,0,1,0,0,0,0
2,0,0,-0.16863062192807476,1,0,26.0,13.0,0.15106311713725742,0.07335229062787217,0,0,1,0,1,0,0,0,0,0,0,0,0,0,1
2,1,1,-0.01984391297515365,1,0,26.0,13.0,0.15106311713725742,0.07335229062787217,0,0,1,0,0,1,0,0,0,0,0,0,0,0,1
2,1,0,-2.028464483839589,1,1,23.0,7.666666666666667,-0.6132783781784534,0.7050506355744817,0,0,1,0,0,0,0,0,0,0,0,0,0,0,1
2,1,1,-1.8796777748866678,1,1,23.0,7.666666666666667,-0.6132783781784534,0.7050506355744817,0,0,1,1,0,0,0,0,0,0,0,0,0,0,1
2,1,1,-0.01984391297515365,0,2,23.0,7.666666666666667,-0.6132783781784534,0.7050506355744817,0,0,1,0,0,1,0,0,0,0,0,0,0,0,1
2,1,1,-2.1090548047439386,1,2,27.75,6.9375,-0.7533505207270165,1.3367489805210908,0,0,1,1,0,0,0,0,0,0,0,0,0,0,1
2,1,1,-1.8052844204102072,1,2,27.75,6.9375,-0.7533505207270165,1.3367489805210908,0,0,1,1,0,0,0,0,0,0,0,0,0,0,1
2,0,0,0.5009095683600703,1,2,27.75,6.9375,-0.7533505207270165,1.3367489805210908,0,0,1,0,1,0,0,0,0,0,0,0,0,0,1
2,1,1,0.2777295049306886,1,2,27.75,6.9375,-0.7533505207270165,1.3367489805210908,0,0,1,0,0,1,0,0,0,0,0,0,0,0,1
2,0,0,2.732710202653887,0,0,10.5,10.5,-0.1624528966596744,-0.5583460543187373,1,0,1,0,1,0,0,0,0,0,0,0,0,0,1
2,0,0,0.05454944150130691,0,0,12.875,12.875,0.13676888981767424,-0.5583460543187373,1,0,1,0,1,0,0,0,0,0,0,0,0,0,1
2,1,0,0.12894279597776748,0,0,13.0,13.0,0.15106311713725742,-0.5583460543187373,1,0,1,0,1,0,0,0,0,0,0,0,0,0,1
2,1,0,0.05454944150130691,0,0,13.0,13.0,0.15106311713725742,-0.5583460543187373,1,0,1,0,1,0,0,0,0,0,0,0,0,0,1
2,1,1,-0.24302397640453532,0,0,13.5,13.5,0.2069915104542913,-0.5583460543187373,1,0,1,1,0,0,0,0,0,0,0,0,0,0,1
2,0,1,-0.39181068535745645,0,0,13.0,13.0,0.15106311713725742,-0.5583460543187373,1,0,1,1,0,0,0,0,0,0,0,0,0,0,1
3,0,0,0.9472696952188336,0,0,7.55,7.55,-0.6348790372523069,-0.5583460543187373,1,0,1,0,1,0,0,0,0,0,0,0,0,0,1
3,0,0,-1.2101375845985227,0,2,20.25,6.75,-0.791451036180321,0.7050506355744817,0,0,1,0,0,0,0,0,0,0,0,0,0,0,1
3,0,0,-0.9869575211691409,1,1,20.25,6.75,-0.791451036180321,0.7050506355744817,0,0,1,0,1,0,0,0,0,0,0,0,0,0,1
3,1,1,0.4265162138836097,1,1,20.25,6.75,-0.791451036180321,0.7050506355744817,0,0,1,0,0,1,0,0,0,0,0,0,0,0,1
3,1,1,-0.9869575211691409,0,0,7.65,7.65,-0.6163463207288445,-0.5583460543187373,1,0,1,1,0,0,0,0,0,0,0,0,0,0,1
3,1,0,-0.3174173308809959,0,0,7.65,7.65,-0.6163463207288445,-0.5583460543187373,1,0,1,0,1,0,0,0,0,0,0,1,0,0,0
3,1,0,-0.6893841032632987,0,0,7.925,7.925,-0.5664652871569202,-0.5583460543187373,1,0,1,0,1,0,0,0,0,0,0,0,0,0,1
3,1,1,-0.8381708122162198,0,0,7.2292,7.2292,-0.695829733350443,-0.5583460543187373,1,0,0,0,0,1,0,0,0,0,0,0,0,0,1
3,0,0,0.05454944150130691,0,0,7.25,7.25,-0.6918063623869352,-0.5583460543187373,1,0,1,0,1,0,0,0,0,0,0,0,0,0,1
3,0,0,-0.24302397640453532,0,0,8.05,8.05,-0.5442980916730763,-0.5583460543187373,1,0,1,0,1,0,0,0,0,0,0,0,0,0,1
3,0,1,0.7984829862659125,1,0,9.475,9.475,-0.3112425985239681,0.07335229062787217,0,0,1,0,0,1,0,0,0,0,0,0,0,0,1
3,1,0,-2.115259210507275,0,1,9.35,4.675,-1.2881132744717876,0.07335229062787217,0,0,1,0,0,0,0,0,0,0,0,0,0,0,1
3,1,1,-0.8381708122162198,0,1,9.35,4.675,-1.2881132744717876,0.07335229062787217,0,0,1,0,0,1,0,0,0,0,0,0,0,0,1
3,1,0,-0.24302397640453532,0,0,18.7875,9.39375,-0.32365316953812573,-0.5583460543187373,1,0,0,0,1,0,0,0,0,0,0,0,0,0,1
3,0,0,-0.24302397640453532,0,0,7.8875,7.8875,-0.5731760156514119,-0.5583460543187373,1,0,1,0,1,0,0,0,0,0,0,0,0,0,1
3,0,0,-0.6893841032632987,0,0,7.925,7.925,-0.5664652871569202,-0.5583460543187373,1,0,1,0,1,0,0,0,0,0,0,0,0,0,1
3,0,0,-0.39181068535745645,0,0,7.05,7.05,-0.7309198753376777,-0.5583460543187373,1,0,1,0,1,0,0,0,0,0,0,0,0,0,1
3,0,0,-0.3174173308809959,0,0,7.05,7.05,-0.7309198753376777,-0.5583460543187373,1,0,1,0,1,0,0,0,0,0,0,0,0,0,1
3,0,0,0.4265162138836097,0,0,8.05,8.05,-0.5442980916730763,-0.5583460543187373,1,0,1,0,1,0,0,0,0,0,0,0,0,0,1
3,0,0,-0.8381708122162198,0,0,8.3,8.3,-0.5008677297276732,-0.5583460543187373,1,0,1,0,1,0,0,0,0,0,0,0,0,0,1
3,0,0,0.20333615045422804,0,0,22.525,7.508333333333333,-0.6426650598829409,-0.5583460543187373,1,0,1,0,1,0,0,0,0,0,0,0,0,0,1
3,1,1,-0.7637774577397592,1,0,7.8542,7.8542,-0.5791589212235986,0.07335229062787217,0,0,1,1,0,0,0,0,0,0,0,0,0,0,1
3,0,0,-1.8796777748866678,4,2,31.275,4.4678571428571425,-1.3473766072252356,3.2318440153609194,0,0,1,0,0,0,0,0,0,0,0,0,0,0,1
3,0,1,-1.7308910659337466,4,2,31.275,4.4678571428571425,-1.3473766072252356,3.2318440153609194,0,0,1,1,0,0,0,0,0,0,0,0,0,0,1
3,0,1,-2.028464483839589,4,2,31.275,4.4678571428571425,-1.3473766072252356,3.2318440153609194,0,0,1,1,0,0,0,0,0,0,0,0,0,0,1
3,1,1,-0.9125641666926804,4,2,7.925,7.925,-0.5664652871569202,3.2318440153609194,0,0,1,1,0,0,0,0,0,0,0,0,0,0,1
3,0,1,0.6496962773129914,4,2,7.775,7.775,-0.5934794196837412,3.2318440153609194,0,0,1,1,0,0,0,0,0,0,0,0,0,0,1
3,0,1,-1.507711002504365,4,2,31.275,4.4678571428571425,-1.3473766072252356,3.2318440153609194,0,0,1,1,0,0,0,0,0,0,0,0,0,0,1
3,0,1,-1.3589242935514438,4,2,31.275,4.4678571428571425,-1.3473766072252356,3.2318440153609194,0,0,1,1,0,0,0,0,0,0,0,0,0,0,1
3,0,0,0.724089631789452,1,5,31.275,4.4678571428571425,-1.3473766072252356,3.2318440153609194,0,0,1,0,1,0,0,0,0,0,0,0,0,0,1
3,1,0,-0.16863062192807476,0,0,7.7958,7.7958,-0.5897060040997668,-0.5583460543187373,1,0,1,0,1,0,0,0,0,0,0,0,0,0,1
3,0,0,-0.24302397640453532,0,0,7.775,7.775,-0.5934794196837412,-0.5583460543187373,1,0,1,0,1,0,0,0,0,0,0,0,0,0,1
3,0,1,0.724089631789452,1,5,31.275,4.4678571428571425,-1.3473766072252356,3.2318440153609194,0,0,1,0,0,1,0,0,0,0,0,0,0,0,1
3,0,0,-0.6893841032632987,0,0,7.8542,7.8542,-0.5791589212235986,-0.5583460543187373,1,0,1,0,1,0,0,0,0,0,0,0,0,0,1
3,0,0,-0.24302397640453532,0,0,7.8958,7.8958,-0.571688270973903,-0.5583460543187373,1,0,1,0,1,0,0,0,0,0,0,0,0,0,1
3,0,0,-0.3174173308809959,1,0,17.8,8.9,-0.4012230559342875,0.07335229062787217,0,0,1,0,1,0,0,0,0,0,0,0,0,0,1
3,0,1,-0.8381708122162198,1,0,17.8,8.9,-0.4012230559342875,0.07335229062787217,0,0,1,0,0,1,0,0,0,0,0,0,0,0,1
3,0,0,-0.39181068535745645,0,0,7.775,7.775,-0.5934794196837412,-0.5583460543187373,1,0,1,0,1,0,0,0,0,0,0,0,0,0,1
3,0,0,0.4265162138836097,0,0,7.05,7.05,-0.7309198753376777,-0.5583460543187373,1,0,1,0,1,0,0,0,0,0,0,0,0,0,1
3,0,0,-1.8052844204102072,4,2,31.3875,4.483928571428572,-1.3426989058517582,3.2318440153609194,0,0,1,0,0,0,0,0,0,0,0,0,0,0,1
3,0,0,-1.507711002504365,4,2,31.3875,4.483928571428572,-1.3426989058517582,3.2318440153609194,0,0,1,0,0,0,0,0,0,0,0,0,0,0,1
3,1,0,-1.9540711293631283,4,2,31.3875,4.483928571428572,-1.3426989058517582,3.2318440153609194,0,0,1,0,0,0,0,0,0,0,0,0,0,0,1
3,0,0,-1.2101375845985227,4,2,31.3875,4.483928571428572,-1.3426989058517582,3.2318440153609194,0,0,1,0,0,0,0,0,0,0,0,0,0,0,1
3,1,1,-1.8052844204102072,4,2,31.3875,4.483928571428572,-1.3426989058517582,3.2318440153609194,0,0,1,1,0,0,0,0,0,0,0,0,0,0,1
3,0,0,0.7984829862659125,1,5,31.3875,4.483928571428572,-1.3426989058517582,3.2318440153609194,0,0,1,0,1,0,0,0,0,0,0,0,0,0,1
3,1,0,-0.466204039833917,0,0,7.7958,7.7958,-0.5897060040997668,-0.5583460543187373,1,0,1,0,1,0,0,0,0,0,0,0,0,0,1
3,1,1,0.6496962773129914,1,5,31.3875,4.483928571428572,-1.3426989058517582,3.2318440153609194,0,0,1,0,0,1,0,0,0,0,0,0,0,0,1
3,1,1,1.1704497586482154,0,0,7.225,7.225,-0.6966433787332786,-0.5583460543187373,1,0,0,0,0,1,0,0,0,0,0,0,0,0,1
3,0,0,-0.6149907487868381,0,0,7.225,7.225,-0.6966433787332786,-0.5583460543187373,1,0,0,0,1,0,0,0,0,0,0,0,0,0,1
3,0,0,-0.466204039833917,0,0,7.05,7.05,-0.7309198753376777,-0.5583460543187373,1,0,1,0,1,0,0,0,0,0,0,0,0,0,1
3,0,1,-0.9125641666926804,0,0,14.4583,7.22915,-0.6958394171623853,-0.5583460543187373,1,0,0,1,0,0,0,0,0,0,0,0,0,0,1
3,0,0,0.05454944150130691,0,0,7.225,7.225,-0.6966433787332786,-0.5583460543187373,1,0,0,0,1,0,0,0,0,0,0,0,0,0,1
3,0,0,-0.466204039833917,0,0,7.8542,7.8542,-0.5791589212235986,-0.5583460543187373,1,0,1,0,1,0,0,0,0,0,0,0,0,0,1
3,1,1,-1.2101375845985227,0,0,7.2292,7.2292,-0.695829733350443,-0.5583460543187373,1,0,0,1,0,0,0,0,0,0,0,0,0,0,1
3,0,0,-0.6893841032632987,0,0,7.225,7.225,-0.6966433787332786,-0.5583460543187373,1,0,0,0,1,0,0,0,0,0,0,0,0,0,1
3,0,0,0.20333615045422804,1,0,15.85,7.925,-0.5664652871569202,0.07335229062787217,0,0,1,0,1,0,0,0,0,0,0,0,0,0,1
3,1,1,0.2777295049306886,3,0,15.85,7.925,-0.5664652871569202,1.3367489805210908,0,0,1,0,0,1,0,0,0,0,0,0,0,0,1
3,1,1,-2.1214561769351645,2,1,19.2583,4.814575,-1.2493886091380126,1.3367489805210908,0,0,0,1,0,0,0,0,0,0,0,0,0,0,1
3,1,1,-2.1214561769351645,2,1,19.2583,4.814575,-1.2493886091380126,1.3367489805210908,0,0,0,1,0,0,0,0,0,0,0,0,0,0,1
3,1,1,-1.8052844204102072,2,1,19.2583,4.814575,-1.2493886091380126,1.3367489805210908,0,0,0,1,0,0,0,0,0,0,0,0,0,0,1
3,1,1,-0.39181068535745645,0,3,19.2583,4.814575,-1.2493886091380126,1.3367489805210908,0,0,0,0,0,1,0,0,0,0,0,0,0,0,1
3,1,1,-0.8381708122162198,0,0,8.05,8.05,-0.5442980916730763,-0.5583460543187373,1,0,1,1,0,0,0,0,0,0,0,0,0,0,1
3,0,0,0.7984829862659125,0,0,7.225,7.225,-0.6966433787332786,-0.5583460543187373,1,0,0,0,1,0,0,0,0,0,0,0,0,0,1
3,0,0,-0.24302397640453532,0,0,7.8958,7.8958,-0.571688270973903,-0.5583460543187373,1,0,1,0,1,0,0,0,0,0,0,0,0,0,1
3,1,0,-0.6893841032632987,0,0,7.2292,7.2292,-0.695829733350443,-0.5583460543187373,1,0,0,0,1,0,0,0,0,0,0,0,0,0,1
3,0,1,-0.8381708122162198,0,1,14.4542,7.2271,-0.6962365041203049,0.07335229062787217,0,0,0,1,0,0,0,0,0,0,0,0,0,0,1
3,0,1,1.1704497586482154,0,1,14.4542,7.2271,-0.6962365041203049,0.07335229062787217,0,0,0,0,0,1,0,0,0,0,0,0,0,0,1
3,0,1,-0.16863062192807476,0,0,7.8792,7.8792,-0.5746651503768884,-0.5583460543187373,1,1,0,1,0,0,0,0,0,0,0,0,0,0,1
3,0,0,-0.5405973943103776,0,0,8.05,8.05,-0.5442980916730763,-0.5583460543187373,1,0,1,0,1,0,0,0,0,0,0,0,0,0,1
3,0,0,-0.7637774577397592,0,0,8.05,8.05,-0.5442980916730763,-0.5583460543187373,1,0,1,0,1,0,0,0,0,0,0,0,0,0,1
3,0,0,-0.24302397640453532,0,0,7.775,7.775,-0.5934794196837412,-0.5583460543187373,1,0,1,0,1,0,0,0,0,0,0,0,0,0,1
3,0,0,-0.5405973943103776,0,0,9.35,9.35,-0.33037602954519973,-0.5583460543187373,1,0,1,0,1,0,0,0,0,0,0,0,0,0,1
3,0,0,-1.7308910659337466,0,0,7.2292,7.2292,-0.695829733350443,-0.5583460543187373,1,0,0,0,0,0,0,0,0,0,0,0,0,0,1
3,0,0,-0.6893841032632987,0,0,4.0125,4.0125,-1.4859603274668713,-0.5583460543187373,1,0,0,0,1,0,0,0,0,0,0,0,0,0,1
3,1,0,0.20333615045422804,0,0,56.4958,7.061975,-0.7285507422455139,-0.5583460543187373,1,0,1,0,1,0,0,0,0,0,0,0,0,0,1
3,0,0,-0.6149907487868381,0,0,7.775,7.775,-0.5934794196837412,-0.5583460543187373,1,0,1,0,1,0,0,0,0,0,0,0,0,0,1
3,0,0,-0.8381708122162198,0,0,7.75,7.75,-0.5980266286535619,-0.5583460543187373,1,0,1,0,1,0,0,0,0,0,0,0,0,0,1
3,0,0,-0.24302397640453532,0,0,7.8958,7.8958,-0.571688270973903,-0.5583460543187373,1,0,1,0,1,0,0,0,0,0,0,0,0,0,1
3,0,0,-1.7308910659337466,1,1,15.2458,5.081933333333333,-1.1777396343983935,0.7050506355744817,0,0,0,0,0,0,0,0,0,0,0,0,0,0,1
3,0,1,-1.507711002504365,1,1,15.2458,5.081933333333333,-1.1777396343983935,0.7050506355744817,0,0,0,1,0,0,0,0,0,0,0,0,0,0,1
3,0,0,-0.24302397640453532,0,0,7.225,7.225,-0.6966433787332786,-0.5583460543187373,1,0,0,0,1,0,0,0,0,0,0,0,0,0,1
3,0,1,0.12894279597776748,0,2,15.2458,5.081933333333333,-1.1777396343983935,0.7050506355744817,0,0,0,0,0,1,0,0,0,0,0,0,0,0,1
3,0,1,-0.8381708122162198,0,2,7.75,7.75,-0.5980266286535619,0.7050506355744817,0,1,0,1,0,0,0,0,0,0,0,0,0,0,1
3,0,0,0.7984829862659125,1,1,15.5,7.75,-0.5980266286535619,0.7050506355744817,0,1,0,0,1,0,0,0,0,0,0,0,0,0,1
3,0,1,0.20333615045422804,1,1,15.5,7.75,-0.5980266286535619,0.7050506355744817,0,1,0,0,0,1,0,0,0,0,0,0,0,0,1
3,0,0,-0.6149907487868381,0,0,16.1,8.05,-0.5442980916730763,-0.5583460543187373,1,0,1,0,1,0,0,0,0,0,0,0,0,0,1
3,1,1,-0.5405973943103776,0,0,7.725,7.725,-0.6025868482533269,-0.5583460543187373,1,1,0,1,0,0,0,0,0,0,0,0,0,0,1
3,0,1,-0.6893841032632987,0,0,7.8542,7.8542,-0.5791589212235986,-0.5583460543187373,1,0,1,1,0,0,0,0,0,0,0,0,0,0,1
3,0,0,-0.01984391297515365,1,0,7.0458,7.0458,-0.7317516379012878,0.07335229062787217,0,0,1,0,1,0,0,0,0,0,0,0,0,0,1
3,0,0,-0.5405973943103776,1,0,7.25,7.25,-0.6918063623869352,0.07335229062787217,0,0,1,0,1,0,0,0,0,0,0,0,0,0,1
3,0,0,-0.5405973943103776,0,0,7.7958,7.7958,-0.5897060040997668,-0.5583460543187373,1,0,1,0,1,0,0,0,0,0,0,0,0,0,1
3,0,0,0.4265162138836097,0,0,8.05,8.05,-0.5442980916730763,-0.5583460543187373,1,0,1,0,1,0,0,0,0,0,0,0,0,0,1
3,0,1,-0.8009741349779895,0,0,7.2833,7.2833,-0.6853861719423947,-0.5583460543187373,1,1,0,1,0,0,0,0,0,0,0,0,0,0,1
3,1,0,-0.6149907487868381,0,0,7.8208,7.8208,-0.5851824390170937,-0.5583460543187373,1,1,0,0,1,0,0,0,0,0,0,0,0,0,1
3,0,0,-0.7637774577397592,0,0,6.75,6.75,-0.791451036180321,-0.5583460543187373,1,1,0,0,1,0,0,0,0,0,0,0,0,0,1
3,0,1,-0.8381708122162198,0,0,7.8792,7.8792,-0.5746651503768884,-0.5583460543187373,1,1,0,1,0,0,0,0,0,0,0,0,0,0,1
3,0,1,-0.6149907487868381,0,0,8.6625,8.6625,-0.4399241492520407,-0.5583460543187373,1,0,1,1,0,0,0,0,0,0,0,0,0,0,1
3,0,1,0.05454944150130691,0,0,8.6625,8.6625,-0.4399241492520407,-0.5583460543187373,1,0,1,1,0,0,0,0,0,0,0,0,0,0,1
3,0,0,-0.8381708122162198,0,0,8.6625,8.6625,-0.4399241492520407,-0.5583460543187373,1,0,1,0,1,0,0,0,0,0,0,0,0,0,1
3,0,0,0.6496962773129914,0,0,8.6625,8.6625,-0.4399241492520407,-0.5583460543187373,1,0,1,0,1,0,0,0,0,0,0,0,0,0,1
3,0,0,-0.9125641666926804,0,0,8.6625,8.6625,-0.4399241492520407,-0.5583460543187373,1,0,1,0,1,0,0,0,0,0,0,0,0,0,1
3,0,0,-0.9125641666926804,0,0,8.6625,8.6625,-0.4399241492520407,-0.5583460543187373,1,0,1,0,1,0,0,0,0,0,0,0,0,0,1
3,0,1,-0.6149907487868381,0,0,7.75,7.75,-0.5980266286535619,-0.5583460543187373,1,1,0,1,0,0,0,0,0,0,0,0,0,0,1
3,0,0,-0.6149907487868381,0,0,7.75,7.75,-0.5980266286535619,-0.5583460543187373,1,1,0,0,1,0,0,0,0,0,0,0,0,0,1
3,0,0,-0.6149907487868381,0,0,8.05,8.05,-0.5442980916730763,-0.5583460543187373,1,0,1,0,1,0,0,0,0,0,0,0,0,0,1
3,0,0,-0.24302397640453532,1,0,14.4583,7.22915,-0.6958394171623853,0.07335229062787217,0,0,0,0,1,0,0,0,0,0,0,0,0,0,1
3,0,1,0.12894279597776748,1,0,14.4583,7.22915,-0.6958394171623853,0.07335229062787217,0,0,0,0,0,1,0,0,0,0,0,0,0,0,1
3,0,0,-0.09423726745161422,0,0,7.7958,7.7958,-0.5897060040997668,-0.5583460543187373,1,0,1,0,1,0,0,0,0,0,0,0,0,0,1
3,0,0,-0.39181068535745645,0,0,7.8542,7.8542,-0.5791589212235986,-0.5583460543187373,1,0,1,0,1,0,0,0,0,0,0,0,0,0,1
3,1,1,-0.9869575211691409,0,0,7.75,7.75,-0.5980266286535619,-0.5583460543187373,1,1,0,1,0,0,0,0,0,0,0,0,0,0,1
3,0,1,0.5753029228365308,0,0,7.75,7.75,-0.5980266286535619,-0.5583460543187373,1,1,0,1,0,0,0,0,0,0,0,0,0,0,1
3,0,0,-0.09423726745161422,0,0,7.25,7.25,-0.6918063623869352,-0.5583460543187373,1,0,1,0,1,0,0,0,0,0,0,0,0,0,1
3,0,0,-0.39181068535745645,0,0,8.05,8.05,-0.5442980916730763,-0.5583460543187373,1,0,1,0,1,0,0,0,0,0,0,0,0,0,1
3,0,0,-0.6149907487868381,0,0,7.7333,7.7333,-0.6010714080331606,-0.5583460543187373,1,1,0,0,1,0,0,0,0,0,0,0,0,0,1
3,1,0,0.20333615045422804,0,0,56.4958,7.061975,-0.7285507422455139,-0.5583460543187373,1,0,1,0,1,0,0,0,0,0,0,0,0,0,1
3,0,0,-0.01984391297515365,0,0,8.05,8.05,-0.5442980916730763,-0.5583460543187373,1,0,1,0,1,0,0,0,0,0,0,0,0,0,1
3,0,0,-0.24302397640453532,1,0,14.4542,7.2271,-0.6962365041203049,0.07335229062787217,0,0,0,0,1,0,0,0,0,0,0,0,0,0,1
3,0,0,-0.8381708122162198,1,0,14.4542,7.2271,-0.6962365041203049,0.07335229062787217,0,0,0,0,1,0,0,0,0,0,0,0,0,0,1
3,0,0,-0.6893841032632987,0,0,7.05,7.05,-0.7309198753376777,-0.5583460543187373,1,0,1,0,1,0,0,0,0,0,0,0,0,0,1
3,1,0,-0.8381708122162198,0,0,8.05,8.05,-0.5442980916730763,-0.5583460543187373,1,0,1,0,1,0,0,0,0,0,0,0,0,0,1
3,0,0,-0.39181068535745645,0,0,7.25,7.25,-0.6918063623869352,-0.5583460543187373,1,1,0,0,1,0,0,0,0,0,0,0,0,0,1
3,0,0,0.5009095683600703,0,0,7.4958,7.4958,-0.6450145563886343,-0.5583460543187373,1,0,1,0,1,0,0,0,0,0,0,0,0,0,1
3,0,0,-0.39181068535745645,0,0,7.4958,7.4958,-0.6450145563886343,-0.5583460543187373,1,0,1,0,1,0,0,0,0,0,0,0,0,0,1
3,0,0,0.12894279597776748,0,0,7.7333,7.7333,-0.6010714080331606,-0.5583460543187373,1,1,0,0,1,0,0,0,0,0,0,0,0,0,1
3,0,0,0.12894279597776748,0,0,7.75,7.75,-0.5980266286535619,-0.5583460543187373,1,1,0,0,1,0,0,0,0,0,0,0,0,0,1
3,1,1,-0.5405973943103776,0,0,7.75,7.75,-0.5980266286535619,-0.5583460543187373,1,1,0,1,0,0,0,0,0,0,0,0,0,0,1
3,0,1,0.05454944150130691,0,0,7.6292,7.6292,-0.6201834157099213,-0.5583460543187373,1,1,0,1,0,0,0,0,0,0,0,0,0,0,1
3,0,0,3.06748029779796,0,0,7.75,7.75,-0.5980266286535619,-0.5583460543187373,1,1,0,0,1,0,0,0,0,0,0,0,0,0,1
3,0,0,1.0216630496952943,0,0,8.05,8.05,-0.5442980916730763,-0.5583460543187373,1,0,1,0,1,0,0,0,0,0,0,0,0,0,1
3,0,0,0.4265162138836097,0,0,7.8958,7.8958,-0.571688270973903,-0.5583460543187373,1,0,1,0,1,0,0,0,0,0,0,0,0,0,1
3,0,0,-0.16863062192807476,0,0,7.8958,7.8958,-0.571688270973903,-0.5583460543187373,1,0,1,0,1,0,0,0,0,0,0,0,0,0,1
3,0,0,-0.7637774577397592,0,0,7.8958,7.8958,-0.571688270973903,-0.5583460543187373,1,0,1,0,1,0,0,0,0,0,0,0,0,0,1
3,0,0,0.05454944150130691,0,0,8.05,8.05,-0.5442980916730763,-0.5583460543187373,1,0,1,0,1,0,0,0,0,0,0,0,0,0,1
3,1,0,-1.507711002504365,1,1,15.9,5.3,-1.1215949858048506,0.7050506355744817,0,0,1,0,0,0,0,0,0,0,0,0,0,0,1
3,1,0,-1.9540711293631283,1,1,15.9,5.3,-1.1215949858048506,0.7050506355744817,0,0,1,0,0,0,0,0,0,0,0,0,0,0,1
3,1,1,0.5009095683600703,0,2,15.9,5.3,-1.1215949858048506,0.7050506355744817,0,0,1,0,0,1,0,0,0,0,0,0,0,0,1
3,0,0,2.2119567213186633,0,0,7.25,7.25,-0.6918063623869352,-0.5583460543187373,1,0,1,0,1,0,0,0,0,0,0,0,0,0,1
3,0,0,-0.7637774577397592,0,0,8.1583,8.1583,-0.5253385945467643,-0.5583460543187373,1,0,1,0,1,0,0,0,0,0,0,0,0,0,1
3,1,1,-0.9125641666926804,0,1,16.1,8.05,-0.5442980916730763,0.07335229062787217,0,0,1,1,0,0,0,0,0,0,0,0,0,0,1
3,0,0,1.0960564041717549,0,1,16.1,8.05,-0.5442980916730763,0.07335229062787217,0,0,1,0,1,0,0,0,0,0,0,0,0,0,1
3,0,0,-0.9125641666926804,0,0,8.6625,8.6625,-0.4399241492520407,-0.5583460543187373,1,0,1,0,1,0,0,0,0,0,0,0,0,0,1
3,0,0,-0.5034007170721473,0,0,7.225,7.225,-0.6966433787332786,-0.5583460543187373,1,0,0,0,1,0,0,0,0,0,0,0,0,0,1
3,1,0,1.1704497586482154,0,0,8.05,8.05,-0.5442980916730763,-0.5583460543187373,1,0,1,0,1,0,0,0,0,0,0,0,0,0,1
3,0,1,-0.5405973943103776,0,0,10.5167,10.5167,-0.16014010705566192,-0.5583460543187373,1,0,1,1,0,0,0,0,0,0,0,0,0,0,1
3,0,0,-0.7637774577397592,0,0,10.1708,10.1708,-0.2087427862087071,-0.5583460543187373,1,0,1,0,1,0,0,0,0,0,0,0,0,0,1
3,1,1,0.05454944150130691,0,0,6.95,6.95,-0.7508425805355696,-0.5583460543187373,1,1,0,1,0,0,0,0,0,0,0,0,0,0,1
3,1,0,-0.01984391297515365,0,0,7.75,7.75,-0.5980266286535619,-0.5583460543187373,1,1,0,0,1,0,0,0,0,0,0,0,0,0,1
3,0,0,-2.1524558877455053,0,2,14.4,4.8,-1.2533886838680546,0.7050506355744817,0,0,1,0,0,0,0,0,0,0,0,0,0,0,1
3,0,0,0.35212285940714916,1,1,14.4,4.8,-1.2533886838680546,0.7050506355744817,0,0,1,0,1,0,0,0,0,0,0,0,0,0,1
3,0,1,-0.09423726745161422,1,1,14.4,4.8,-1.2533886838680546,0.7050506355744817,0,0,1,0,0,1,0,0,0,0,0,0,0,0,1
3,0,0,-0.16863062192807476,0,0,7.8958,7.8958,-0.571688270973903,-0.5583460543187373,1,0,1,0,1,0,0,0,0,0,0,0,0,0,1
3,0,0,-0.3174173308809959,0,0,7.8958,7.8958,-0.571688270973903,-0.5583460543187373,1,0,1,0,1,0,0,0,0,0,0,0,0,0,1
3,0,0,-0.39181068535745645,2,0,24.15,8.049999999999999,-0.5442980916730763,0.7050506355744817,0,0,1,0,1,0,0,0,0,0,0,0,0,0,1
3,0,0,-0.5405973943103776,0,0,8.05,8.05,-0.5442980916730763,-0.5583460543187373,1,0,1,0,1,0,0,0,0,0,0,0,0,0,1
3,0,0,-0.6149907487868381,2,0,24.15,8.049999999999999,-0.5442980916730763,0.7050506355744817,0,0,1,0,1,0,0,0,0,0,0,0,0,0,1
3,0,0,-0.9125641666926804,2,0,8.05,8.05,-0.5442980916730763,0.7050506355744817,0,0,1,0,1,0,0,0,0,0,0,0,0,0,1
3,0,0,-0.24302397640453532,1,0,16.1,8.05,-0.5442980916730763,0.07335229062787217,0,0,1,0,1,0,0,0,0,0,0,0,0,0,1
3,1,1,0.12894279597776748,1,0,16.1,8.05,-0.5442980916730763,0.07335229062787217,0,0,1,0,0,1,0,0,0,0,0,0,0,0,1
3,1,0,0.5381062455983006,1,0,17.4,8.7,-0.4337506270226917,0.07335229062787217,0,0,1,0,1,0,0,0,0,0,0,0,0,0,1
3,1,1,0.5009095683600703,1,0,17.4,8.7,-0.4337506270226917,0.07335229062787217,0,0,1,0,0,1,0,0,0,0,0,0,0,0,1
3,1,0,0.05454944150130691,0,0,9.5,9.5,-0.3074433222009149,-0.5583460543187373,1,0,1,0,1,0,0,0,0,0,0,0,0,0,1
3,0,0,-0.9869575211691409,0,0,9.5,9.5,-0.3074433222009149,-0.5583460543187373,1,0,1,0,1,0,0,0,0,0,0,0,0,0,1
3,1,0,-2.102857838316049,1,2,20.575,5.14375,-1.16162209361695,1.3367489805210908,0,0,1,0,0,0,0,0,0,0,0,0,0,0,1
3,1,1,-2.164849820601284,1,2,20.575,5.14375,-1.16162209361695,1.3367489805210908,0,0,1,1,0,0,0,0,0,0,0,0,0,0,1
3,0,0,-0.24302397640453532,1,2,20.575,5.14375,-1.16162209361695,1.3367489805210908,0,0,1,0,1,0,0,0,0,0,0,0,0,0,1
3,1,1,0.2777295049306886,1,2,20.575,5.14375,-1.16162209361695,1.3367489805210908,0,0,1,0,0,1,0,0,0,0,0,0,0,0,1
3,0,0,-0.3174173308809959,0,0,7.8958,7.8958,-0.571688270973903,-0.5583460543187373,1,0,1,0,1,0,0,0,0,0,0,0,0,0,1
3,0,0,-0.24302397640453532,0,0,7.8958,7.8958,-0.571688270973903,-0.5583460543187373,1,0,1,0,1,0,0,0,0,0,0,0,0,0,1
3,0,0,-0.24302397640453532,0,0,7.8958,7.8958,-0.571688270973903,-0.5583460543187373,1,0,1,0,1,0,0,0,0,0,0,0,0,0,1
3,0,0,-0.5405973943103776,0,0,7.25,7.25,-0.6918063623869352,-0.5583460543187373,1,0,1,0,1,0,0,0,0,0,0,0,0,0,1
3,0,0,0.5009095683600703,0,0,7.25,7.25,-0.6918063623869352,-0.5583460543187373,1,0,1,0,1,0,0,0,0,0,0,0,0,0,1
3,1,1,-0.7637774577397592,0,0,7.8792,7.8792,-0.5746651503768884,-0.5583460543187373,1,1,0,1,0,0,0,0,0,0,0,0,0,0,1
3,0,0,-0.9125641666926804,0,0,7.8958,7.8958,-0.571688270973903,-0.5583460543187373,1,0,1,0,1,0,0,0,0,0,0,0,0,0,1
3,0,0,0.9472696952188336,0,0,8.6625,8.6625,-0.4399241492520407,-0.5583460543187373,1,0,1,0,1,0,0,0,0,0,0,0,0,0,1
3,0,0,1.0216630496952943,0,0,7.8958,7.8958,-0.571688270973903,-0.5583460543187373,1,0,1,0,1,0,0,0,0,0,0,0,0,0,1
3,0,0,-0.24302397640453532,0,0,7.2292,7.2292,-0.695829733350443,-0.5583460543187373,1,0,0,0,1,0,0,0,0,0,0,0,0,0,1
3,0,0,0.20333615045422804,0,0,7.75,7.75,-0.5980266286535619,-0.5583460543187373,1,1,0,0,1,0,0,0,0,0,0,0,0,0,1
3,1,0,-0.7637774577397592,0,0,8.05,8.05,-0.5442980916730763,-0.5583460543187373,1,0,1,0,1,0,0,0,0,0,0,0,0,0,1
3,1,1,0.05454944150130691,0,0,12.475,6.2375,-0.9004937547848555,-0.5583460543187373,1,0,1,1,0,0,0,0,0,0,0,0,0,0,1
3,0,1,-0.39181068535745645,0,0,7.75,7.75,-0.5980266286535619,-0.5583460543187373,1,1,0,1,0,0,0,0,0,0,0,0,0,0,1
3,1,1,-0.466204039833917,0,0,8.05,8.05,-0.5442980916730763,-0.5583460543187373,1,0,1,1,0,0,0,0,0,0,0,0,0,0,1
3,0,0,0.2777295049306886,0,0,7.8958,7.8958,-0.571688270973903,-0.5583460543187373,1,0,0,0,1,0,0,0,0,0,0,0,0,0,1
3,0,0,2.6583168481774266,0,0,7.75,7.75,-0.5980266286535619,-0.5583460543187373,1,1,0,0,1,0,0,0,0,0,0,0,0,0,1
3,1,0,-0.39181068535745645,0,0,7.55,7.55,-0.6348790372523069,-0.5583460543187373,1,0,1,0,1,0,0,0,0,0,0,0,0,0,1
3,0,0,-0.466204039833917,1,0,13.9,6.95,-0.7508425805355696,0.07335229062787217,0,0,1,0,1,0,0,0,0,0,0,0,0,0,1
3,1,1,-0.5405973943103776,1,0,13.9,6.95,-0.7508425805355696,0.07335229062787217,0,0,1,0,0,1,0,0,0,0,0,0,0,0,1
3,0,0,-0.8381708122162198,0,0,7.775,7.775,-0.5934794196837412,-0.5583460543187373,1,0,1,0,1,0,0,0,0,0,0,0,0,0,1
3,0,0,-0.9869575211691409,0,0,7.775,7.775,-0.5934794196837412,-0.5583460543187373,1,0,1,0,1,0,0,0,0,0,0,0,0,0,1
3,0,0,1.1704497586482154,0,0,6.975,6.975,-0.7458385084097329,-0.5583460543187373,1,0,1,0,1,0,0,0,0,0,0,0,0,0,1
3,0,0,-0.24302397640453532,0,0,7.225,7.225,-0.6966433787332786,-0.5583460543187373,1,0,0,0,1,0,0,0,0,0,0,0,0,0,1
3,0,0,0.724089631789452,0,2,7.2292,7.2292,-0.695829733350443,0.7050506355744817,0,0,0,0,1,0,0,0,0,0,0,0,0,0,1
3,0,0,-0.9125641666926804,1,1,7.2292,7.2292,-0.695829733350443,0.7050506355744817,0,0,0,0,1,0,0,0,0,0,0,0,0,0,1
3,0,0,-1.0613508756456016,1,1,7.2292,7.2292,-0.695829733350443,0.7050506355744817,0,0,0,0,1,0,0,0,0,0,0,0,0,0,1
3,0,0,1.3192364676011366,0,0,7.25,7.25,-0.6918063623869352,-0.5583460543187373,1,0,1,0,1,0,0,0,0,0,0,0,0,0,1
3,1,1,-1.8052844204102072,0,0,12.475,6.2375,-0.9004937547848555,-0.5583460543187373,1,0,1,1,0,0,0,0,0,0,0,0,0,0,1
3,0,0,-0.24302397640453532,0,0,7.225,7.225,-0.6966433787332786,-0.5583460543187373,1,0,0,0,1,0,0,0,0,0,0,0,0,0,1
3,0,0,0.8356796635041428,0,0,15.1,7.55,-0.6348790372523069,-0.5583460543187373,1,0,1,0,1,0,0,0,0,0,0,0,0,0,1
3,0,0,0.8356796635041428,0,0,7.75,7.75,-0.5980266286535619,-0.5583460543187373,1,1,0,0,1,0,0,0,0,0,0,0,0,0,1
3,1,0,-0.24302397640453532,0,0,7.05,7.05,-0.7309198753376777,-0.5583460543187373,1,0,1,0,1,0,0,0,0,0,0,0,0,0,1
3,0,0,-0.8381708122162198,0,0,7.7958,7.7958,-0.5897060040997668,-0.5583460543187373,1,0,1,0,1,0,0,0,0,0,0,0,0,0,1
3,0,1,-0.8381708122162198,0,0,7.75,7.75,-0.5980266286535619,-0.5583460543187373,1,1,0,1,0,0,0,0,0,0,0,0,0,0,1
3,0,0,-0.24302397640453532,0,0,7.75,7.75,-0.5980266286535619,-0.5583460543187373,1,1,0,0,1,0,0,0,0,0,0,0,0,0,1
3,0,0,-0.24302397640453532,0,0,6.95,6.95,-0.7508425805355696,-0.5583460543187373,1,1,0,0,1,0,0,0,0,0,0,0,0,0,1
3,0,0,-0.24302397640453532,0,0,7.8792,7.8792,-0.5746651503768884,-0.5583460543187373,1,1,0,0,1,0,0,0,0,0,0,0,0,0,1
3,0,0,-0.24302397640453532,0,0,7.75,7.75,-0.5980266286535619,-0.5583460543187373,1,1,0,0,1,0,0,0,0,0,0,0,0,0,1
3,1,0,-0.24302397640453532,0,0,56.4958,7.061975,-0.7285507422455139,-0.5583460543187373,1,0,1,0,1,0,0,0,0,0,0,0,0,0,1
3,0,1,-0.6149907487868381,2,2,34.375,6.875,-0.7659497615390872,1.9684473254677004,0,0,1,1,0,0,0,0,0,0,0,0,0,0,1
3,0,1,-1.507711002504365,2,2,34.375,6.875,-0.7659497615390872,1.9684473254677004,0,0,1,1,0,0,0,0,0,0,0,0,0,0,1
3,0,0,-0.24302397640453532,0,0,8.05,8.05,-0.5442980916730763,-0.5583460543187373,1,0,1,0,1,0,0,0,0,0,0,0,0,0,1
3,0,0,-0.8381708122162198,2,2,34.375,6.875,-0.7659497615390872,1.9684473254677004,0,0,1,0,1,0,0,0,0,0,0,0,0,0,1
3,0,0,-0.9869575211691409,1,3,34.375,6.875,-0.7659497615390872,1.9684473254677004,0,0,1,0,1,0,0,0,0,0,0,0,0,0,1
3,0,1,1.3936298220775971,1,3,34.375,6.875,-0.7659497615390872,1.9684473254677004,0,0,1,0,0,1,0,0,0,0,0,0,0,0,1
3,0,0,-0.24302397640453532,0,0,7.75,7.75,-0.5980266286535619,-0.5583460543187373,1,1,0,0,1,0,0,0,0,0,0,0,0,0,1
3,0,0,-0.24302397640453532,0,0,7.25,7.25,-0.6918063623869352,-0.5583460543187373,1,0,1,0,1,0,0,0,0,0,0,0,0,0,1
3,0,0,-0.3174173308809959,0,0,7.7417,7.7417,-0.5995391751749479,-0.5583460543187373,1,1,0,0,1,0,0,0,0,0,0,0,0,0,1
3,0,0,-0.24302397640453532,0,0,14.5,7.25,-0.6918063623869352,-0.5583460543187373,1,0,1,0,1,0,0,0,0,0,0,0,0,0,1
3,0,0,-0.24302397640453532,0,0,7.8958,7.8958,-0.571688270973903,-0.5583460543187373,1,0,0,0,1,0,0,0,0,0,0,0,0,0,1
3,0,0,-0.5405973943103776,0,0,8.05,8.05,-0.5442980916730763,-0.5583460543187373,1,0,1,0,1,0,0,0,0,0,0,0,0,0,1
3,1,1,-0.9869575211691409,0,0,7.7333,7.7333,-0.6010714080331606,-0.5583460543187373,1,1,0,1,0,0,0,0,0,0,0,0,0,0,1
3,1,1,-0.8381708122162198,0,0,7.75,7.75,-0.5980266286535619,-0.5583460543187373,1,1,0,1,0,0,0,0,0,0,0,0,0,0,1
3,1,0,-1.507711002504365,0,2,20.525,6.841666666666666,-0.7727103047099426,0.7050506355744817,0,0,1,0,0,0,0,0,0,0,0,0,0,0,1
3,0,0,0.2777295049306886,1,1,20.525,6.841666666666666,-0.7727103047099426,0.7050506355744817,0,0,1,0,1,0,0,0,0,0,0,0,0,0,1
3,0,0,0.8728763407423731,0,0,7.85,7.85,-0.5799151194036155,-0.5583460543187373,1,0,1,0,1,0,0,0,0,0,0,0,0,0,1
3,1,1,0.12894279597776748,1,1,20.525,6.841666666666666,-0.7727103047099426,0.7050506355744817,0,0,1,0,0,1,0,0,0,0,0,0,0,0,1
3,0,0,0.6496962773129914,0,0,7.05,7.05,-0.7309198753376777,-0.5583460543187373,1,0,1,0,1,0,0,0,0,0,0,0,0,0,1
3,0,0,-1.507711002504365,5,2,46.9,5.8625,-0.9852901167061136,3.8635423603075285,0,0,1,0,0,0,0,0,0,0,0,0,0,0,1
3,0,0,-2.102857838316049,5,2,46.9,5.8625,-0.9852901167061136,3.8635423603075285,0,0,1,0,0,0,0,0,0,0,0,0,0,0,1
3,0,0,-1.3589242935514438,5,2,46.9,5.8625,-0.9852901167061136,3.8635423603075285,0,0,1,0,0,0,0,0,0,0,0,0,0,0,1
3,0,1,-1.4333176480279044,5,2,46.9,5.8625,-0.9852901167061136,3.8635423603075285,0,0,1,1,0,0,0,0,0,0,0,0,0,0,1
3,0,1,-0.9869575211691409,5,2,46.9,5.8625,-0.9852901167061136,3.8635423603075285,0,0,1,1,0,0,0,0,0,0,0,0,0,0,1
3,0,0,-1.1357442301220622,5,2,46.9,5.8625,-0.9852901167061136,3.8635423603075285,0,0,1,0,1,0,0,0,0,0,0,0,0,0,1
3,0,0,0.7984829862659125,1,6,46.9,5.8625,-0.9852901167061136,3.8635423603075285,0,0,1,0,1,0,0,0,0,0,0,0,0,0,1
3,0,1,1.0216630496952943,1,6,46.9,5.8625,-0.9852901167061136,3.8635423603075285,0,0,1,0,0,1,0,0,0,0,0,0,0,0,1
3,0,0,1.6168098855069788,0,0,8.05,8.05,-0.5442980916730763,-0.5583460543187373,1,0,1,0,1,0,0,0,0,0,0,0,0,0,1
3,0,0,0.20333615045422804,0,0,8.3625,8.3625,-0.49019256816527207,-0.5583460543187373,1,0,1,0,1,0,0,0,0,0,0,0,0,0,1
3,0,0,-0.24302397640453532,0,0,8.05,8.05,-0.5442980916730763,-0.5583460543187373,1,0,1,0,1,0,0,0,0,0,0,0,0,0,1
3,0,0,-0.6893841032632987,0,0,9.8458,4.9229,-1.219969536102504,-0.5583460543187373,1,0,1,0,1,0,0,0,0,0,0,0,0,0,1
3,0,0,0.5753029228365308,2,0,7.925,7.925,-0.5664652871569202,0.7050506355744817,0,0,1,0,1,0,0,0,0,0,0,0,0,0,1
3,0,0,-0.09423726745161422,2,0,7.925,7.925,-0.5664652871569202,0.7050506355744817,0,0,1,0,1,0,0,0,0,0,0,0,0,0,1
3,0,0,-0.7637774577397592,0,0,7.775,7.775,-0.5934794196837412,-0.5583460543187373,1,0,1,0,1,0,0,0,0,0,0,0,0,0,1
3,0,1,-0.39181068535745645,0,0,8.85,8.85,-0.4092929246320644,-0.5583460543187373,1,0,1,1,0,0,0,0,0,0,0,0,0,0,1
3,0,1,-0.9125641666926804,0,0,7.7333,7.7333,-0.6010714080331606,-0.5583460543187373,1,1,0,1,0,0,0,0,0,0,0,0,0,0,1
3,0,0,-0.24302397640453532,1,0,19.9667,19.9667,0.7947623373923794,0.07335229062787217,0,0,1,0,1,0,0,0,0,0,0,0,0,0,1
3,0,0,-0.24302397640453532,1,0,19.9667,19.9667,0.7947623373923794,0.07335229062787217,0,0,1,0,1,0,0,0,0,0,0,0,0,0,1
3,0,0,-0.09423726745161422,1,0,15.85,7.925,-0.5664652871569202,0.07335229062787217,0,0,1,0,1,0,0,0,0,0,0,0,0,0,1
3,1,1,-0.39181068535745645,1,0,15.85,7.925,-0.5664652871569202,0.07335229062787217,0,0,1,0,0,1,0,0,0,0,0,0,0,0,1
3,0,0,-0.6893841032632987,0,0,9.5,9.5,-0.3074433222009149,-0.5583460543187373,1,0,1,0,1,0,0,0,0,0,0,0,0,0,1
3,0,0,-0.4290073625956867,0,0,7.2292,7.2292,-0.695829733350443,-0.5583460543187373,1,0,0,0,1,0,0,0,0,0,0,0,0,0,1
3,0,0,0.8728763407423731,2,0,14.1083,7.05415,-0.7300984408444545,0.7050506355744817,0,0,1,0,1,0,0,0,0,0,0,0,0,0,1
3,0,0,-0.24302397640453532,1,0,7.8542,7.8542,-0.5791589212235986,0.07335229062787217,0,0,1,0,1,0,0,0,0,0,0,0,0,0,1
3,0,0,-0.6149907487868381,0,0,7.8542,7.8542,-0.5791589212235986,-0.5583460543187373,1,0,1,0,1,0,0,0,0,0,0,0,0,0,1
3,1,1,1.1704497586482154,1,0,14.1083,7.05415,-0.7300984408444545,0.07335229062787217,0,0,1,0,0,1,0,0,0,0,0,0,0,0,1
3,0,1,-0.8381708122162198,0,0,7.55,7.55,-0.6348790372523069,-0.5583460543187373,1,0,1,1,0,0,0,0,0,0,0,0,0,0,1
3,0,0,-0.3174173308809959,0,0,7.25,7.25,-0.6918063623869352,-0.5583460543187373,1,0,1,0,1,0,0,0,0,0,0,0,0,0,1
3,0,0,-0.24302397640453532,0,0,6.8583,6.8583,-0.7693332090757904,-0.5583460543187373,1,1,0,0,1,0,0,0,0,0,0,0,0,0,1
3,0,0,-1.3589242935514438,0,0,18.7875,9.39375,-0.32365316953812573,-0.5583460543187373,1,0,0,0,1,0,0,0,0,0,0,0,0,0,1
3,1,1,-0.8381708122162198,0,0,7.75,7.75,-0.5980266286535619,-0.5583460543187373,1,1,0,1,0,0,0,0,0,0,0,0,0,0,1
3,1,0,-0.16863062192807476,0,0,6.975,6.975,-0.7458385084097329,-0.5583460543187373,1,0,1,0,1,0,0,0,0,0,0,0,0,0,1
3,1,0,-0.24302397640453532,0,0,56.4958,7.061975,-0.7285507422455139,-0.5583460543187373,1,0,1,0,1,0,0,0,0,0,0,0,0,0,1
3,0,1,-0.8381708122162198,0,0,6.75,6.75,-0.791451036180321,-0.5583460543187373,1,1,0,1,0,0,0,0,0,0,0,0,0,0,1
3,1,1,-0.24302397640453532,0,0,7.925,7.925,-0.5664652871569202,-0.5583460543187373,1,0,1,1,0,0,0,0,0,0,0,0,0,0,1
3,0,1,-0.466204039833917,0,0,7.925,7.925,-0.5664652871569202,-0.5583460543187373,1,0,1,1,0,0,0,0,0,0,0,0,0,0,1
3,1,1,-0.5405973943103776,0,0,8.9625,8.9625,-0.39119284244753616,-0.5583460543187373,1,0,1,1,0,0,0,0,0,0,0,0,0,0,1
3,0,0,-0.09423726745161422,0,0,7.8958,7.8958,-0.571688270973903,-0.5583460543187373,1,0,1,0,1,0,0,0,0,0,0,0,0,0,1
3,0,1,-0.09423726745161422,0,0,7.775,7.775,-0.5934794196837412,-0.5583460543187373,1,0,1,1,0,0,0,0,0,0,0,0,0,0,1
3,0,1,-0.8381708122162198,0,0,7.75,7.75,-0.5980266286535619,-0.5583460543187373,1,1,0,1,0,0,0,0,0,0,0,0,0,0,1
3,1,1,-2.028464483839589,0,1,12.2875,6.14375,-0.9212736536125418,0.07335229062787217,0,0,1,1,0,0,0,0,0,0,0,0,0,0,1
3,1,1,-0.5405973943103776,1,1,12.2875,6.14375,-0.9212736536125418,0.7050506355744817,0,0,1,0,0,1,0,0,0,0,0,0,0,0,1
3,0,0,1.0216630496952943,0,0,6.45,6.45,-0.8543721938827353,-0.5583460543187373,1,0,1,0,1,0,0,0,0,0,0,0,0,0,1
3,0,0,-0.09423726745161422,0,0,22.525,7.508333333333333,-0.6426650598829409,-0.5583460543187373,1,0,1,0,1,0,0,0,0,0,0,0,0,0,1
3,1,1,-0.16863062192807476,0,0,7.925,7.925,-0.5664652871569202,-0.5583460543187373,1,0,1,1,0,0,0,0,0,0,0,0,0,0,1
3,0,0,-0.24302397640453532,0,0,7.75,7.75,-0.5980266286535619,-0.5583460543187373,1,1,0,0,1,0,0,0,0,0,0,0,0,0,1
3,1,1,-0.8381708122162198,0,0,8.05,8.05,-0.5442980916730763,-0.5583460543187373,1,0,1,1,0,0,0,0,0,0,0,0,0,0,1
3,0,0,0.9472696952188336,0,0,7.65,7.65,-0.6163463207288445,-0.5583460543187373,1,0,1,0,1,0,0,0,0,0,0,1,0,0,0
3,1,0,-0.24302397640453532,0,0,7.8875,7.8875,-0.5731760156514119,-0.5583460543187373,1,0,1,0,1,0,0,0,0,0,0,0,0,0,1
3,0,0,0.05454944150130691,0,0,7.2292,7.2292,-0.695829733350443,-0.5583460543187373,1,0,0,0,1,0,0,0,0,0,0,0,0,0,1
3,0,0,-0.24302397640453532,0,0,7.8958,7.8958,-0.571688270973903,-0.5583460543187373,1,0,1,0,1,0,0,0,0,0,0,0,0,0,1
3,0,1,-0.16863062192807476,1,0,7.925,7.925,-0.5664652871569202,0.07335229062787217,0,0,1,1,0,0,0,0,0,0,0,0,0,0,1
3,0,1,-0.3174173308809959,1,0,7.925,7.925,-0.5664652871569202,0.07335229062787217,0,0,1,1,0,0,0,0,0,0,0,0,0,0,1
3,0,0,-0.24302397640453532,0,0,7.8958,7.8958,-0.571688270973903,-0.5583460543187373,1,0,1,0,1,0,0,0,0,0,0,0,0,0,1
3,1,0,-0.01984391297515365,0,0,7.8958,7.8958,-0.571688270973903,-0.5583460543187373,1,0,0,0,1,0,0,0,0,0,0,0,0,0,1
3,1,0,-0.6149907487868381,0,0,7.7958,7.7958,-0.5897060040997668,-0.5583460543187373,1,0,1,0,1,0,0,0,0,0,0,0,0,0,1
3,0,0,-0.24302397640453532,0,0,7.05,7.05,-0.7309198753376777,-0.5583460543187373,1,0,1,0,1,0,0,0,0,0,0,0,0,0,1
3,0,0,-0.6893841032632987,0,0,7.8542,7.8542,-0.5791589212235986,-0.5583460543187373,1,0,1,0,1,0,0,0,0,0,0,0,0,0,1
3,0,0,1.3936298220775971,0,0,7.8542,7.8542,-0.5791589212235986,-0.5583460543187373,1,0,1,0,1,0,0,0,0,0,0,0,0,0,1
3,0,0,-0.9125641666926804,1,0,7.0542,7.0542,-0.7300885466239867,0.07335229062787217,0,0,1,0,1,0,0,0,0,0,0,0,0,0,1
3,1,1,-0.8381708122162198,0,0,7.75,7.75,-0.5980266286535619,-0.5583460543187373,1,1,0,1,0,0,0,0,0,0,0,0,0,0,1
3,1,0,-0.24302397640453532,0,0,8.1125,8.1125,-0.5333290486321339,-0.5583460543187373,1,0,1,0,1,0,0,0,0,0,0,0,0,0,1
3,0,0,0.35212285940714916,0,0,6.4958,6.4958,-0.844604089151158,-0.5583460543187373,1,0,1,0,1,0,0,0,0,0,0,0,0,0,1
3,1,0,-0.24302397640453532,0,0,7.775,7.775,-0.5934794196837412,-0.5583460543187373,1,0,1,0,1,0,0,0,0,0,0,0,0,0,1
3,0,0,-0.5405973943103776,0,0,7.7958,7.7958,-0.5897060040997668,-0.5583460543187373,1,0,1,0,1,0,0,0,0,0,0,0,0,0,1
3,0,0,0.2777295049306886,0,0,8.6542,8.6542,-0.4412937936338781,-0.5583460543187373,1,0,1,0,1,0,0,0,0,0,0,0,0,0,1
3,0,0,0.12894279597776748,0,0,7.775,7.775,-0.5934794196837412,-0.5583460543187373,1,0,1,0,1,0,0,0,0,0,0,0,0,0,1
3,0,0,-0.01984391297515365,0,0,7.8542,7.8542,-0.5791589212235986,-0.5583460543187373,1,0,1,0,1,0,0,0,0,0,0,0,0,0,1
3,1,0,-1.8796777748866678,1,1,11.1333,3.7111,-1.5847969615906856,0.7050506355744817,0,0,1,0,0,0,0,0,0,0,0,0,0,0,1
3,1,1,-2.102857838316049,1,1,11.1333,3.7111,-1.5847969615906856,0.7050506355744817,0,0,1,1,0,0,0,0,0,0,0,0,0,0,1
3,0,0,1.4680231765540577,0,0,8.05,2.0125,-2.2974644893610328,-0.5583460543187373,1,0,1,0,1,0,0,0,0,0,0,0,0,0,1
3,0,0,0.2777295049306886,0,0,7.775,7.775,-0.5934794196837412,-0.5583460543187373,1,0,1,0,1,0,0,0,0,0,0,0,0,0,1
3,0,0,-0.7637774577397592,0,0,8.05,2.0125,-2.2974644893610328,-0.5583460543187373,1,0,1,0,1,0,0,0,0,0,0,0,0,0,1
3,1,1,-0.16863062192807476,0,2,11.1333,3.7111,-1.5847969615906856,0.7050506355744817,0,0,1,0,0,1,0,0,0,0,0,0,0,0,1
3,0,0,-1.7308910659337466,1,2,23.45,5.8625,-0.9852901167061136,1.3367489805210908,0,0,1,0,0,0,0,0,0,0,0,0,0,0,1
3,0,1,-0.8381708122162198,1,2,23.45,5.8625,-0.9852901167061136,1.3367489805210908,0,0,1,1,0,0,0,0,0,0,0,0,0,0,1
3,0,0,-0.24302397640453532,1,2,23.45,5.8625,-0.9852901167061136,1.3367489805210908,0,0,1,0,1,0,0,0,0,0,0,0,0,0,1
3,0,1,0.12894279597776748,1,2,23.45,5.8625,-0.9852901167061136,1.3367489805210908,0,0,1,0,0,1,0,0,0,0,0,0,0,0,1
3,0,0,-0.466204039833917,0,0,7.8958,7.8958,-0.571688270973903,-0.5583460543187373,1,0,1,0,1,0,0,0,0,0,0,0,0,0,1
3,1,0,0.20333615045422804,0,0,7.8542,7.8542,-0.5791589212235986,-0.5583460543187373,1,0,1,0,1,0,0,0,0,0,0,0,0,0,1
3,0,0,-0.16863062192807476,0,0,7.8542,7.8542,-0.5791589212235986,-0.5583460543187373,1,0,1,0,1,0,0,0,0,0,0,0,0,0,1
3,0,1,-0.6893841032632987,1,0,9.825,9.825,-0.2588596223555131,0.07335229062787217,0,0,1,1,0,0,0,0,0,0,0,0,0,0,1
3,0,1,-0.6149907487868381,1,0,9.825,9.825,-0.2588596223555131,0.07335229062787217,0,0,1,1,0,0,0,0,0,0,0,0,0,0,1
3,1,0,0.20333615045422804,0,0,7.925,7.925,-0.5664652871569202,-0.5583460543187373,1,0,1,0,1,0,0,0,0,0,0,0,0,0,1
3,0,0,-0.9125641666926804,0,0,7.125,7.125,-0.7161395932508636,-0.5583460543187373,1,0,1,0,1,0,0,0,0,0,0,0,0,0,1
3,0,0,-0.6149907487868381,0,0,8.4333,8.4333,-0.47818549566810176,-0.5583460543187373,1,0,1,0,1,0,0,0,0,0,0,0,0,0,1
3,0,0,0.05454944150130691,0,0,7.8958,7.8958,-0.571688270973903,-0.5583460543187373,1,0,1,0,1,0,0,0,0,0,0,0,0,0,1
3,1,0,-0.6149907487868381,0,0,7.7958,7.7958,-0.5897060040997668,-0.5583460543187373,1,0,1,0,1,0,0,0,0,0,0,0,0,0,1
3,0,0,0.2777295049306886,0,0,7.8542,7.8542,-0.5791589212235986,-0.5583460543187373,1,0,1,0,1,0,0,0,0,0,0,0,0,0,1
3,0,0,-0.5405973943103776,0,0,7.5208,7.5208,-0.640331491588709,-0.5583460543187373,1,0,1,0,1,0,0,0,0,0,0,0,0,0,1
3,1,1,-1.8796777748866678,0,1,13.4167,6.70835,-0.8000395013124322,0.07335229062787217,0,0,0,1,0,0,0,0,0,0,0,0,0,0,1
3,1,0,0.724089631789452,0,1,13.4167,6.70835,-0.8000395013124322,0.07335229062787217,0,0,0,0,1,0,0,0,0,0,0,0,0,0,1
3,0,0,-0.24302397640453532,0,0,7.2292,7.2292,-0.695829733350443,-0.5583460543187373,1,0,0,0,1,0,0,0,0,0,0,0,0,0,1
3,0,0,-0.8009741349779895,0,0,7.2292,7.2292,-0.695829733350443,-0.5583460543187373,1,0,0,0,1,0,0,0,0,0,0,0,0,0,1
3,0,0,-0.24302397640453532,0,0,7.75,7.75,-0.5980266286535619,-0.5583460543187373,1,1,0,0,1,0,0,0,0,0,0,0,0,0,1
3,0,0,-0.24302397640453532,0,0,7.25,7.25,-0.6918063623869352,-0.5583460543187373,1,0,1,0,1,0,0,0,0,0,0,0,0,0,1
3,1,1,-0.8381708122162198,0,0,7.75,7.75,-0.5980266286535619,-0.5583460543187373,1,1,0,1,0,0,0,0,0,0,0,0,0,0,1
3,1,1,-0.8381708122162198,0,0,7.75,7.75,-0.5980266286535619,-0.5583460543187373,1,1,0,1,0,0,0,0,0,0,0,0,0,0,1
3,0,0,0.38931953664537944,0,0,7.8292,7.8292,-0.5836653982716786,-0.5583460543187373,1,1,0,0,1,0,0,0,0,0,0,0,0,0,1
3,0,0,1.0960564041717549,0,0,8.05,8.05,-0.5442980916730763,-0.5583460543187373,1,0,1,0,1,0,0,0,0,0,0,0,0,0,1
3,1,0,-0.24302397640453532,0,0,7.75,7.75,-0.5980266286535619,-0.5583460543187373,1,1,0,0,1,0,0,0,0,0,0,0,0,0,1
3,0,0,-0.24302397640453532,1,0,14.4542,7.2271,-0.6962365041203049,0.07335229062787217,0,0,0,0,1,0,0,0,0,0,0,0,0,0,1
3,0,1,0.12894279597776748,1,0,14.4542,7.2271,-0.6962365041203049,0.07335229062787217,0,0,0,0,0,1,0,0,0,0,0,0,0,0,1
3,0,0,-0.24302397640453532,1,0,7.75,7.75,-0.5980266286535619,0.07335229062787217,0,1,0,0,1,0,0,0,0,0,0,0,0,0,1
3,0,0,-0.24302397640453532,1,0,7.75,7.75,-0.5980266286535619,0.07335229062787217,0,1,0,0,1,0,0,0,0,0,0,0,0,0,1
3,0,0,-0.24302397640453532,0,0,7.7375,7.7375,-0.60030510747306,-0.5583460543187373,1,1,0,0,1,0,0,0,0,0,0,0,0,0,1
3,0,1,-0.5405973943103776,2,0,8.6625,8.6625,-0.4399241492520407,0.7050506355744817,0,0,1,1,0,0,0,0,0,0,0,0,0,0,1
3,0,0,-0.24302397640453532,2,0,8.6625,8.6625,-0.4399241492520407,0.7050506355744817,0,0,1,0,1,0,0,0,0,0,0,0,0,0,1
3,1,1,-1.8796777748866678,0,2,22.025,7.341666666666666,-0.6741951813981356,0.7050506355744817,0,0,1,1,0,0,0,0,0,0,0,0,0,0,1
3,1,0,-0.01984391297515365,3,1,22.025,7.341666666666666,-0.6741951813981356,1.9684473254677004,0,0,1,0,1,0,0,0,0,0,0,0,0,0,1
3,1,1,-0.24302397640453532,1,1,22.025,7.341666666666666,-0.6741951813981356,0.7050506355744817,0,0,1,0,0,1,0,0,0,0,0,0,0,0,1
3,0,1,-2.102857838316049,1,1,12.1833,6.09165,-0.9329399397426359,0.7050506355744817,0,0,1,1,0,0,0,0,0,0,0,0,0,0,1
3,0,0,-0.8381708122162198,1,1,7.8542,7.8542,-0.5791589212235986,0.7050506355744817,0,0,1,0,1,0,0,0,0,0,0,0,0,0,1
3,0,1,0.5009095683600703,0,2,12.1833,6.09165,-0.9329399397426359,0.7050506355744817,0,0,1,0,0,1,0,0,0,0,0,0,0,0,1
3,0,0,-0.24302397640453532,0,0,7.8958,7.8958,-0.571688270973903,-0.5583460543187373,1,0,0,0,1,0,0,0,0,0,0,0,0,0,1
3,1,0,-0.3174173308809959,0,0,7.2292,7.2292,-0.695829733350443,-0.5583460543187373,1,0,0,0,1,0,0,0,0,0,0,1,0,0,0
3,0,0,-0.24302397640453532,0,0,7.225,7.225,-0.6966433787332786,-0.5583460543187373,1,0,0,0,1,0,0,0,0,0,0,0,0,0,1
3,0,1,0.5753029228365308,0,0,9.5875,9.5875,-0.2942167262684443,-0.5583460543187373,1,0,1,1,0,0,0,0,0,0,0,0,0,0,1
3,0,0,-0.24302397640453532,0,0,7.8958,7.8958,-0.571688270973903,-0.5583460543187373,1,0,1,0,1,0,0,0,0,0,0,0,0,0,1
3,1,0,-0.24302397640453532,0,0,56.4958,7.061975,-0.7285507422455139,-0.5583460543187373,1,0,1,0,1,0,0,0,0,0,0,0,0,0,1
3,0,0,-0.24302397640453532,0,0,56.4958,7.061975,-0.7285507422455139,-0.5583460543187373,1,0,1,0,1,0,0,0,0,0,0,0,0,0,1
3,1,1,-0.5405973943103776,0,0,7.25,7.25,-0.6918063623869352,-0.5583460543187373,1,0,1,1,0,0,0,0,0,0,0,0,0,0,1
3,0,0,-0.24302397640453532,0,0,7.75,7.75,-0.5980266286535619,-0.5583460543187373,1,1,0,0,1,0,0,0,0,0,0,0,0,0,1
3,1,0,-0.24302397640453532,0,0,56.4958,7.061975,-0.7285507422455139,-0.5583460543187373,1,0,1,0,1,0,0,0,0,0,0,0,0,0,1
3,0,0,-0.01984391297515365,0,0,9.4833,9.4833,-0.309980234239385,-0.5583460543187373,1,0,1,0,1,0,0,0,0,0,0,0,0,0,1
3,0,0,-0.01984391297515365,0,0,7.775,7.775,-0.5934794196837412,-0.5583460543187373,1,0,1,0,1,0,0,0,0,0,0,0,0,0,1
3,0,0,-0.5405973943103776,0,0,7.775,7.775,-0.5934794196837412,-0.5583460543187373,1,0,1,0,1,0,0,0,0,0,0,0,0,0,1
3,1,0,-0.5405973943103776,0,0,7.225,7.225,-0.6966433787332786,-0.5583460543187373,1,0,0,0,1,0,0,0,0,0,0,0,0,0,1
3,0,0,-1.7308910659337466,3,1,25.4667,5.0933399999999995,-1.1747532700381718,1.9684473254677004,0,0,1,0,0,0,0,0,0,0,0,0,0,0,1
3,0,1,-0.8381708122162198,3,1,25.4667,5.0933399999999995,-1.1747532700381718,1.9684473254677004,0,0,1,1,0,0,0,0,0,0,0,0,0,0,1
3,0,1,-0.8381708122162198,3,1,25.4667,5.0933399999999995,-1.1747532700381718,1.9684473254677004,0,0,1,1,0,0,0,0,0,0,0,0,0,0,1
3,0,1,-0.8381708122162198,3,1,25.4667,5.0933399999999995,-1.1747532700381718,1.9684473254677004,0,0,1,1,0,0,0,0,0,0,0,0,0,0,1
3,0,1,0.12894279597776748,0,4,25.4667,5.0933399999999995,-1.1747532700381718,1.9684473254677004,0,0,1,0,0,1,0,0,0,0,0,0,0,0,1
3,0,0,0.20333615045422804,0,0,7.925,7.925,-0.5664652871569202,-0.5583460543187373,1,0,1,0,1,0,0,0,0,0,0,0,0,0,1
3,0,0,0.38931953664537944,0,0,6.4375,6.4375,-0.857048593609568,-0.5583460543187373,1,0,0,0,1,0,0,0,0,0,0,0,0,0,1
3,0,1,-0.8381708122162198,1,0,15.5,7.75,-0.5980266286535619,0.07335229062787217,0,1,0,1,0,0,0,0,0,0,0,0,0,0,1
3,0,0,-0.24302397640453532,1,0,15.5,7.75,-0.5980266286535619,0.07335229062787217,0,1,0,0,1,0,0,0,0,0,0,0,0,0,1
3,0,0,0.5009095683600703,0,0,8.05,2.0125,-2.2974644893610328,-0.5583460543187373,1,0,1,0,1,0,0,0,0,0,0,0,0,0,1
3,0,0,0.724089631789452,0,0,24.15,8.049999999999999,-0.5442980916730763,-0.5583460543187373,1,0,1,0,1,0,0,0,0,0,0,0,0,0,1
3,0,0,-0.39181068535745645,0,0,9.5,9.5,-0.3074433222009149,-0.5583460543187373,1,0,1,0,1,0,0,0,0,0,0,0,0,0,1
3,0,1,-0.3174173308809959,0,0,7.775,7.775,-0.5934794196837412,-0.5583460543187373,1,0,1,1,0,0,0,0,0,0,0,0,0,0,1
3,0,1,1.1704497586482154,0,0,7.75,7.75,-0.5980266286535619,-0.5583460543187373,1,0,1,1,0,0,0,0,0,0,0,0,0,0,1
3,0,0,0.5009095683600703,1,0,15.55,7.775,-0.5934794196837412,0.07335229062787217,0,0,1,0,1,0,0,0,0,0,0,0,0,0,1
3,0,1,0.05454944150130691,1,0,15.55,7.775,-0.5934794196837412,0.07335229062787217,0,0,1,0,0,1,0,0,0,0,0,0,0,0,1
3,1,0,-0.6893841032632987,1,0,7.925,7.925,-0.5664652871569202,0.07335229062787217,0,0,1,0,1,0,0,0,0,0,0,0,0,0,1
3,0,0,-0.24302397640453532,0,0,7.8792,7.8792,-0.5746651503768884,-0.5583460543187373,1,1,0,0,1,0,0,0,0,0,0,0,0,0,1
3,0,0,-0.09423726745161422,0,0,56.4958,7.061975,-0.7285507422455139,-0.5583460543187373,1,0,1,0,1,0,0,0,0,0,0,0,0,0,1
3,0,0,-0.24302397640453532,0,0,7.55,7.55,-0.6348790372523069,-0.5583460543187373,1,0,1,0,1,0,0,0,0,0,0,0,0,0,1
3,0,0,0.05454944150130691,1,0,16.1,8.05,-0.5442980916730763,0.07335229062787217,0,0,1,0,1,0,0,0,0,0,0,0,0,0,1
3,0,1,-0.24302397640453532,1,0,16.1,8.05,-0.5442980916730763,0.07335229062787217,0,0,1,0,0,1,0,0,0,0,0,0,0,0,1
3,0,0,-0.24302397640453532,0,0,7.8792,7.8792,-0.5746651503768884,-0.5583460543187373,1,0,1,0,1,0,0,0,0,0,0,0,0,0,1
3,0,0,-0.6521874260250684,0,0,7.25,7.25,-0.6918063623869352,-0.5583460543187373,1,0,1,0,1,0,0,0,0,0,0,0,0,0,1
3,1,0,-0.16863062192807476,0,0,8.6625,8.6625,-0.4399241492520407,-0.5583460543187373,1,0,1,0,1,0,0,0,0,0,0,0,0,0,1
3,0,0,1.6168098855069788,0,0,7.0542,7.0542,-0.7300885466239867,-0.5583460543187373,1,0,1,0,1,0,0,0,0,0,0,0,0,0,1
3,1,1,-0.466204039833917,0,0,7.8542,7.8542,-0.5791589212235986,-0.5583460543187373,1,0,1,1,0,0,0,0,0,0,0,0,0,0,1
3,1,0,0.20333615045422804,0,0,7.5792,7.5792,-0.6294451724560586,-0.5583460543187373,1,0,1,0,1,0,0,0,0,0,0,0,0,0,1
3,0,0,-0.24302397640453532,0,0,7.8958,7.8958,-0.571688270973903,-0.5583460543187373,1,0,1,0,1,0,0,0,0,0,0,0,0,0,1
3,0,0,-0.24302397640453532,0,0,7.55,7.55,-0.6348790372523069,-0.5583460543187373,1,0,1,0,1,0,0,0,0,0,0,0,0,0,1
3,1,1,-0.8381708122162198,0,0,7.75,7.75,-0.5980266286535619,-0.5583460543187373,1,1,0,1,0,0,0,0,0,0,0,0,0,0,1
3,1,0,-0.39181068535745645,0,0,7.1417,7.1417,-0.7128670921387995,-0.5583460543187373,1,0,1,0,1,0,0,0,0,0,0,0,0,0,1
3,0,0,-0.5405973943103776,0,0,7.125,7.125,-0.7161395932508636,-0.5583460543187373,1,0,1,0,1,0,0,0,0,0,0,0,0,0,1
3,0,1,-0.8381708122162198,0,0,7.8792,7.8792,-0.5746651503768884,-0.5583460543187373,1,1,0,1,0,0,0,0,0,0,0,0,0,0,1
3,0,0,-0.24302397640453532,0,0,7.75,7.75,-0.5980266286535619,-0.5583460543187373,1,1,0,0,1,0,0,0,0,0,0,0,0,0,1
3,0,0,-0.24302397640453532,0,0,8.05,8.05,-0.5442980916730763,-0.5583460543187373,1,0,1,0,1,0,0,0,0,0,0,0,0,0,1
3,0,0,-0.01984391297515365,0,0,7.925,7.925,-0.5664652871569202,-0.5583460543187373,1,0,1,0,1,0,0,0,0,0,0,0,0,0,1
3,1,0,-0.24302397640453532,0,0,7.2292,7.2292,-0.695829733350443,-0.5583460543187373,1,0,0,0,1,0,0,0,0,0,0,0,0,0,1
3,0,1,0.0917461187395372,0,0,7.75,7.75,-0.5980266286535619,-0.5583460543187373,1,1,0,1,0,0,0,0,0,0,0,0,0,0,1
3,1,1,-0.8381708122162198,0,0,7.7375,7.7375,-0.60030510747306,-0.5583460543187373,1,1,0,1,0,0,0,0,0,0,0,0,0,0,1
3,0,0,-0.24302397640453532,0,0,7.2292,7.2292,-0.695829733350443,-0.5583460543187373,1,0,0,0,1,0,0,0,0,0,0,1,0,0,0
3,0,0,0.4265162138836097,0,0,7.8958,7.8958,-0.571688270973903,-0.5583460543187373,1,0,0,0,1,0,0,0,0,0,0,0,0,0,1
3,0,0,0.2777295049306886,0,0,7.8958,7.8958,-0.571688270973903,-0.5583460543187373,1,0,1,0,1,0,0,0,0,0,0,0,0,0,1
3,1,1,0.12894279597776748,0,0,7.225,7.225,-0.6966433787332786,-0.5583460543187373,1,0,0,0,0,1,0,0,0,0,0,0,0,0,1
3,0,0,-0.24302397640453532,0,0,7.8958,7.8958,-0.571688270973903,-0.5583460543187373,1,0,0,0,1,0,0,0,0,0,0,0,0,0,1
3,1,1,-0.8381708122162198,0,0,7.75,7.75,-0.5980266286535619,-0.5583460543187373,1,1,0,1,0,0,0,0,0,0,0,0,0,0,1
3,1,0,-0.24302397640453532,0,0,7.75,7.75,-0.5980266286535619,-0.5583460543187373,1,1,0,0,1,0,0,0,0,0,0,0,0,0,1
3,1,1,-0.8381708122162198,2,0,23.25,7.75,-0.5980266286535619,0.7050506355744817,0,1,0,1,0,0,0,0,0,0,0,0,0,0,1
3,1,1,-0.8381708122162198,2,0,23.25,7.75,-0.5980266286535619,0.7050506355744817,0,1,0,1,0,0,0,0,0,0,0,0,0,0,1
3,1,0,-0.24302397640453532,2,0,23.25,7.75,-0.5980266286535619,0.7050506355744817,0,1,0,0,1,0,0,0,0,0,0,0,0,0,1
3,1,1,-0.8381708122162198,0,0,7.7875,7.7875,-0.5912106710261963,-0.5583460543187373,1,1,0,1,0,0,0,0,0,0,0,0,0,0,1
3,0,0,-0.24302397640453532,0,0,15.5,7.75,-0.5980266286535619,-0.5583460543187373,1,1,0,0,1,0,0,0,0,0,0,0,0,0,1
3,1,1,-0.8381708122162198,0,0,7.8792,7.8792,-0.5746651503768884,-0.5583460543187373,1,1,0,1,0,0,0,0,0,0,0,0,0,0,1
3,1,1,-1.0613508756456016,0,0,8.0292,8.0292,-0.5479653960242403,-0.5583460543187373,1,1,0,1,0,0,0,0,0,0,0,0,0,0,1
3,0,1,0.4265162138836097,0,0,7.75,7.75,-0.5980266286535619,-0.5583460543187373,1,1,0,1,0,0,0,0,0,0,0,0,0,0,1
3,0,0,-0.24302397640453532,0,0,7.75,7.75,-0.5980266286535619,-0.5583460543187373,1,1,0,0,1,0,0,0,0,0,0,0,0,0,1
3,0,0,-0.39181068535745645,1,0,16.1,8.05,-0.5442980916730763,0.07335229062787217,0,0,1,0,1,0,0,0,0,0,0,0,0,0,1
3,0,1,-0.7637774577397592,1,0,16.1,8.05,-0.5442980916730763,0.07335229062787217,0,0,1,0,0,1,0,0,0,0,0,0,0,0,1
3,0,1,-0.8381708122162198,0,0,7.75,7.75,-0.5980266286535619,-0.5583460543187373,1,1,0,1,0,0,0,0,0,0,0,0,0,0,1
3,0,1,-0.8381708122162198,0,0,8.05,8.05,-0.5442980916730763,-0.5583460543187373,1,0,1,1,0,0,0,0,0,0,0,0,0,0,1
3,0,1,0.12894279597776748,0,0,8.05,8.05,-0.5442980916730763,-0.5583460543187373,1,0,1,0,0,1,0,0,0,0,0,0,0,0,1
3,0,0,1.9515799806510512,0,0,8.05,8.05,-0.5442980916730763,-0.5583460543187373,1,0,1,0,1,0,0,0,0,0,0,0,0,0,1
3,0,0,-0.24302397640453532,0,0,7.75,7.75,-0.5980266286535619,-0.5583460543187373,1,1,0,0,1,0,0,0,0,0,0,0,0,0,1
3,1,0,-0.6149907487868381,0,0,7.775,7.775,-0.5934794196837412,-0.5583460543187373,1,0,1,0,1,0,0,0,0,0,0,0,0,0,1
3,0,0,-0.24302397640453532,0,0,8.05,8.05,-0.5442980916730763,-0.5583460543187373,1,0,1,0,1,0,0,0,0,0,0,0,0,0,1
3,0,0,-0.39181068535745645,0,0,7.8958,7.8958,-0.571688270973903,-0.5583460543187373,1,0,1,0,1,0,0,0,0,0,0,0,0,0,1
3,0,0,-0.6149907487868381,0,0,7.8958,7.8958,-0.571688270973903,-0.5583460543187373,1,0,1,0,1,0,0,0,0,0,0,0,0,0,1
3,0,0,-0.09423726745161422,0,0,7.8958,7.8958,-0.571688270973903,-0.5583460543187373,1,0,1,0,1,0,0,0,0,0,0,0,0,0,1
3,0,0,-0.24302397640453532,0,0,7.8958,7.8958,-0.571688270973903,-0.5583460543187373,1,0,1,0,1,0,0,0,0,0,0,0,0,0,1
3,1,1,-0.8381708122162198,0,0,7.8792,7.8792,-0.5746651503768884,-0.5583460543187373,1,1,0,1,0,0,0,0,0,0,0,0,0,0,1
3,0,0,-0.3174173308809959,0,0,7.65,7.65,-0.6163463207288445,-0.5583460543187373,1,0,1,0,1,0,0,0,0,0,0,1,0,0,0
3,1,0,-1.7308910659337466,0,1,12.475,6.2375,-0.9004937547848555,0.07335229062787217,0,0,1,0,0,0,0,0,0,0,1,0,0,0,0
3,1,1,-0.16863062192807476,0,1,12.475,6.2375,-0.9004937547848555,0.07335229062787217,0,0,1,0,0,1,0,0,0,0,1,0,0,0,0
3,0,0,-0.24302397640453532,0,0,8.05,8.05,-0.5442980916730763,-0.5583460543187373,1,0,1,0,1,0,0,0,0,0,0,0,0,0,1
3,1,1,-0.8381708122162198,1,0,24.15,8.049999999999999,-0.5442980916730763,0.07335229062787217,0,1,0,1,0,0,0,0,0,0,0,0,0,0,1
3,0,0,-0.24302397640453532,1,0,24.15,8.049999999999999,-0.5442980916730763,0.07335229062787217,0,1,0,0,1,0,0,0,0,0,0,0,0,0,1
3,0,0,-0.24302397640453532,0,0,8.4583,8.4583,-0.4739672277787641,-0.5583460543187373,1,1,0,0,1,0,0,0,0,0,0,0,0,0,1
3,0,0,0.35212285940714916,0,0,8.05,8.05,-0.5442980916730763,-0.5583460543187373,1,0,1,0,1,0,0,0,0,0,0,0,0,0,1
3,0,0,-0.24302397640453532,0,0,7.75,7.75,-0.5980266286535619,-0.5583460543187373,1,1,0,0,1,0,0,0,0,0,0,0,0,0,1
3,1,0,-0.24302397640453532,0,0,7.775,7.775,-0.5934794196837412,-0.5583460543187373,1,0,1,0,1,0,0,0,0,0,0,0,0,0,1
3,1,0,-1.7308910659337466,1,1,15.2458,5.081933333333333,-1.1777396343983935,0.7050506355744817,0,0,0,0,0,0,0,0,0,0,0,0,0,0,1
3,1,0,-1.7308910659337466,1,1,15.2458,5.081933333333333,-1.1777396343983935,0.7050506355744817,0,0,0,0,0,0,0,0,0,0,0,0,0,0,1
3,1,1,0.12894279597776748,0,2,15.2458,5.081933333333333,-1.1777396343983935,0.7050506355744817,0,0,0,0,0,1,0,0,0,0,0,0,0,0,1
3,1,1,0.12894279597776748,0,0,7.2292,7.2292,-0.695829733350443,-0.5583460543187373,1,0,0,0,0,1,0,0,0,0,0,0,0,0,1
3,0,0,-0.24302397640453532,0,0,8.05,8.05,-0.5442980916730763,-0.5583460543187373,1,0,1,0,1,0,0,0,0,0,0,0,0,0,1
3,1,1,-0.8381708122162198,0,0,7.7333,7.7333,-0.6010714080331606,-0.5583460543187373,1,1,0,1,0,0,0,0,0,0,0,0,0,0,1
3,1,1,-0.39181068535745645,0,0,7.75,7.75,-0.5980266286535619,-0.5583460543187373,1,1,0,1,0,0,0,0,0,0,0,0,0,0,1
3,0,0,-0.24302397640453532,0,0,8.05,8.05,-0.5442980916730763,-0.5583460543187373,1,0,1,0,1,0,0,0,0,0,0,0,0,0,1
3,1,1,-0.8381708122162198,1,0,15.5,7.75,-0.5980266286535619,0.07335229062787217,0,1,0,1,0,0,0,0,0,0,0,0,0,0,1
3,1,1,-0.8381708122162198,1,0,15.5,7.75,-0.5980266286535619,0.07335229062787217,0,1,0,1,0,0,0,0,0,0,0,0,0,0,1
3,1,1,-0.8381708122162198,0,0,15.5,7.75,-0.5980266286535619,-0.5583460543187373,1,1,0,1,0,0,0,0,0,0,0,0,0,0,1
3,0,0,-0.8381708122162198,0,0,7.75,7.75,-0.5980266286535619,-0.5583460543187373,1,0,1,0,1,0,0,0,0,0,0,0,0,0,1
3,0,0,-0.5405973943103776,0,0,7.8958,7.8958,-0.571688270973903,-0.5583460543187373,1,0,1,0,1,0,0,0,0,0,0,0,0,0,1
3,1,1,-1.0613508756456016,0,0,7.225,7.225,-0.6966433787332786,-0.5583460543187373,1,0,0,1,0,0,0,0,0,0,0,0,0,0,1
3,1,1,-2.102857838316049,0,2,15.7417,5.247233333333333,-1.1350002964467785,0.7050506355744817,0,0,0,1,0,0,0,0,0,0,0,0,0,0,1
3,1,0,-0.6893841032632987,1,1,15.7417,5.247233333333333,-1.1350002964467785,0.7050506355744817,0,0,0,0,1,0,0,0,0,0,0,0,0,0,1
3,1,1,-0.7637774577397592,1,1,15.7417,5.247233333333333,-1.1350002964467785,0.7050506355744817,0,0,0,0,0,1,0,0,0,0,0,0,0,0,1
3,0,0,0.2777295049306886,0,0,8.05,8.05,-0.5442980916730763,-0.5583460543187373,1,0,1,0,1,0,0,0,0,0,0,0,0,0,1
3,0,0,-0.24302397640453532,0,0,7.8958,7.8958,-0.571688270973903,-0.5583460543187373,1,0,1,0,1,0,0,0,0,0,0,0,0,0,1
3,0,0,-0.24302397640453532,0,0,7.2292,7.2292,-0.695829733350443,-0.5583460543187373,1,0,0,0,1,0,0,0,0,0,0,0,0,0,1
3,0,1,-0.8381708122162198,0,0,7.75,7.75,-0.5980266286535619,-0.5583460543187373,1,1,0,1,0,0,0,0,0,0,0,0,0,0,1
3,0,0,-0.24302397640453532,0,0,7.8958,7.8958,-0.571688270973903,-0.5583460543187373,1,0,1,0,1,0,0,0,0,0,0,0,0,0,1
3,1,0,-1.2845309390749833,1,0,11.2417,5.62085,-1.0424245774787524,0.07335229062787217,0,0,0,0,0,0,0,0,0,0,0,0,0,0,1
3,1,1,-1.1357442301220622,1,0,11.2417,5.62085,-1.0424245774787524,0.07335229062787217,0,0,0,1,0,0,0,0,0,0,0,0,0,0,1
3,0,1,-0.01984391297515365,0,0,7.925,7.925,-0.5664652871569202,-0.5583460543187373,1,0,1,1,0,0,0,0,0,0,0,0,0,0,1
3,0,0,-0.09423726745161422,0,0,8.05,8.05,-0.5442980916730763,-0.5583460543187373,1,0,1,0,1,0,0,0,0,0,0,0,0,0,1
3,1,1,-0.8381708122162198,0,0,7.775,7.775,-0.5934794196837412,-0.5583460543187373,1,0,1,1,0,0,0,0,0,0,0,0,0,0,1
3,1,1,-0.24302397640453532,0,0,7.8542,7.8542,-0.5791589212235986,-0.5583460543187373,1,0,1,1,0,0,0,0,0,0,0,0,0,0,1
3,0,0,-0.6149907487868381,0,0,7.8542,7.8542,-0.5791589212235986,-0.5583460543187373,1,0,1,0,1,0,0,0,0,0,0,0,0,0,1
3,0,0,0.8728763407423731,0,0,7.125,7.125,-0.7161395932508636,-0.5583460543187373,1,0,1,0,1,0,0,0,0,0,0,0,0,0,1
3,1,0,0.724089631789452,0,0,7.925,7.925,-0.5664652871569202,-0.5583460543187373,1,0,1,0,1,0,0,0,0,0,0,0,0,0,1
3,0,0,-0.6149907487868381,0,0,7.8,7.8,-0.5889451473145251,-0.5583460543187373,1,0,1,0,1,0,0,0,0,0,0,0,0,0,1
3,0,0,-0.05704059021338393,0,0,7.2292,7.2292,-0.695829733350443,-0.5583460543187373,1,0,0,0,1,0,0,0,0,0,0,0,0,0,1
3,1,1,-0.5405973943103776,0,0,7.75,7.75,-0.5980266286535619,-0.5583460543187373,1,0,1,1,0,0,0,0,0,0,0,0,0,0,1
3,0,0,2.3607434302715844,0,0,6.2375,6.2375,-0.9004937547848555,-0.5583460543187373,1,0,1,0,1,0,0,0,0,0,0,0,0,0,1
3,0,0,-0.24302397640453532,1,0,15.5,7.75,-0.5980266286535619,0.07335229062787217,0,1,0,0,1,0,0,0,0,0,0,0,0,0,1
3,0,0,-0.24302397640453532,0,0,7.8292,7.8292,-0.5836653982716786,-0.5583460543187373,1,1,0,0,1,0,0,0,0,0,0,0,0,0,1
3,1,1,0.12894279597776748,1,0,15.5,7.75,-0.5980266286535619,0.07335229062787217,0,1,0,0,0,1,0,0,0,0,0,0,0,0,1
3,0,0,-0.24302397640453532,0,0,7.7333,7.7333,-0.6010714080331606,-0.5583460543187373,1,1,0,0,1,0,0,0,0,0,0,0,0,0,1
3,0,0,-0.24302397640453532,0,0,7.75,7.75,-0.5980266286535619,-0.5583460543187373,1,1,0,0,1,0,0,0,0,0,0,0,0,0,1
3,0,0,-0.24302397640453532,0,0,7.75,7.75,-0.5980266286535619,-0.5583460543187373,1,1,0,0,1,0,0,0,0,0,0,0,0,0,1
3,0,0,-0.466204039833917,0,0,9.225,9.225,-0.3497419502264078,-0.5583460543187373,1,0,1,0,1,0,0,0,0,0,0,0,0,0,1
3,0,1,-0.8381708122162198,0,0,7.75,7.75,-0.5980266286535619,-0.5583460543187373,1,1,0,1,0,0,0,0,0,0,0,0,0,0,1
3,1,1,-0.8381708122162198,0,0,7.75,7.75,-0.5980266286535619,-0.5583460543187373,1,1,0,1,0,0,0,0,0,0,0,0,0,0,1
3,1,1,-0.8381708122162198,0,0,7.8792,7.8792,-0.5746651503768884,-0.5583460543187373,1,1,0,1,0,0,0,0,0,0,0,0,0,0,1
3,1,1,-0.5405973943103776,0,0,7.775,7.775,-0.5934794196837412,-0.5583460543187373,1,0,1,1,0,0,0,0,0,0,0,0,0,0,1
3,1,0,-0.24302397640453532,0,0,7.75,7.75,-0.5980266286535619,-0.5583460543187373,1,1,0,0,1,0,0,0,0,0,0,0,0,0,1
3,1,1,-0.8381708122162198,0,0,7.8292,7.8292,-0.5836653982716786,-0.5583460543187373,1,1,0,1,0,0,0,0,0,0,0,0,0,0,1
3,1,0,-1.507711002504365,0,1,3.1708,3.1708,-1.7789428891332932,0.07335229062787217,0,0,1,0,0,0,0,0,0,0,0,0,0,0,1
3,0,0,-0.09423726745161422,0,0,22.525,7.508333333333333,-0.6426650598829409,-0.5583460543187373,1,0,1,0,1,0,0,0,0,0,0,0,0,0,1
3,0,0,0.9472696952188336,0,1,8.4042,8.4042,-0.4831096618982744,0.07335229062787217,0,0,1,0,1,0,0,0,0,0,0,0,0,0,1
3,0,0,-0.24302397640453532,0,0,7.3125,7.3125,-0.6797776587790225,-0.5583460543187373,1,0,1,0,1,0,0,0,0,0,0,0,0,0,1
3,0,1,0.12894279597776748,0,0,7.8542,7.8542,-0.5791589212235986,-0.5583460543187373,1,0,1,1,0,0,0,0,0,0,0,0,0,0,1
3,0,0,-0.09423726745161422,0,0,7.8542,7.8542,-0.5791589212235986,-0.5583460543187373,1,0,1,0,1,0,0,0,0,0,0,0,0,0,1
3,1,0,0.20333615045422804,0,0,7.775,7.775,-0.5934794196837412,-0.5583460543187373,1,0,1,0,1,0,0,0,0,0,0,0,0,0,1
3,0,0,-0.6893841032632987,0,0,9.225,9.225,-0.3497419502264078,-0.5583460543187373,1,0,1,0,1,0,0,0,0,0,0,0,0,0,1
3,0,1,-0.466204039833917,0,0,8.6625,8.6625,-0.4399241492520407,-0.5583460543187373,1,0,1,1,0,0,0,0,0,0,0,0,0,0,1
3,0,1,-0.6893841032632987,0,0,8.6625,8.6625,-0.4399241492520407,-0.5583460543187373,1,0,1,1,0,0,0,0,0,0,0,0,0,0,1
3,0,0,-0.6893841032632987,0,0,8.6625,8.6625,-0.4399241492520407,-0.5583460543187373,1,0,1,0,1,0,0,0,0,0,0,0,0,0,1
3,0,0,-0.9869575211691409,0,0,9.2167,4.60835,-1.3069423839882564,-0.5583460543187373,1,0,1,0,1,0,0,0,0,0,0,0,0,0,1
3,1,1,0.12894279597776748,0,0,8.6833,8.6833,-0.4364969492850997,-0.5583460543187373,1,0,1,0,0,1,0,0,0,0,0,0,0,0,1
3,0,1,-0.8381708122162198,0,0,7.6292,7.6292,-0.6201834157099213,-0.5583460543187373,1,1,0,1,0,0,0,0,0,0,0,0,0,0,1
3,0,0,-2.028464483839589,3,1,21.075,4.215,-1.4228391725607397,1.9684473254677004,0,0,1,0,0,0,0,0,0,0,0,0,0,0,1
3,0,0,-1.7308910659337466,3,1,21.075,4.215,-1.4228391725607397,1.9684473254677004,0,0,1,0,0,0,0,0,0,0,0,0,0,0,1
3,0,1,-1.9540711293631283,3,1,21.075,4.215,-1.4228391725607397,1.9684473254677004,0,0,1,1,0,0,0,0,0,0,0,0,0,0,1
3,0,1,-1.5821043569808255,3,1,21.075,4.215,-1.4228391725607397,1.9684473254677004,0,0,1,1,0,0,0,0,0,0,0,0,0,0,1
3,0,1,-0.01984391297515365,0,4,21.075,4.215,-1.4228391725607397,1.9684473254677004,0,0,1,0,0,1,0,0,0,0,0,0,0,0,1
3,0,0,-2.102857838316049,4,1,39.6875,5.669642857142857,-1.0307220478121057,2.6001456704143098,0,0,1,0,0,0,0,0,0,0,0,0,0,0,1
3,0,0,-1.656497711457286,4,1,39.6875,5.669642857142857,-1.0307220478121057,2.6001456704143098,0,0,1,0,0,0,0,0,0,0,0,0,0,0,1
3,0,0,-2.028464483839589,4,1,39.6875,5.669642857142857,-1.0307220478121057,2.6001456704143098,0,0,1,0,0,0,0,0,0,0,0,0,0,0,1
3,0,0,-0.9869575211691409,4,1,39.6875,5.669642857142857,-1.0307220478121057,2.6001456704143098,0,0,1,0,1,0,0,0,0,0,0,0,0,0,1
3,0,0,-1.1357442301220622,4,1,39.6875,5.669642857142857,-1.0307220478121057,2.6001456704143098,0,0,1,0,1,0,0,0,0,0,0,0,0,0,1
3,0,1,0.8728763407423731,0,5,39.6875,5.669642857142857,-1.0307220478121057,2.6001456704143098,0,0,1,0,0,1,0,0,0,0,0,0,0,0,1
3,0,0,-0.6149907487868381,0,0,8.6625,8.6625,-0.4399241492520407,-0.5583460543187373,1,0,1,0,1,0,0,0,0,0,0,0,0,0,1
3,0,0,-0.7637774577397592,0,0,14.5,7.25,-0.6918063623869352,-0.5583460543187373,1,0,1,0,1,0,0,0,0,0,0,0,0,0,1
3,0,0,-0.24302397640453532,0,0,8.7125,8.7125,-0.4316980888603297,-0.5583460543187373,1,0,0,0,1,0,0,0,0,0,0,0,0,0,1
3,0,0,0.20333615045422804,0,0,7.8958,7.8958,-0.571688270973903,-0.5583460543187373,1,0,1,0,1,0,0,0,0,0,0,0,0,0,1
3,0,0,-2.1214561769351645,1,1,13.775,4.591666666666667,-1.3116905633464397,0.7050506355744817,0,0,1,0,0,0,0,0,0,0,0,0,0,0,1
3,0,1,-1.9540711293631283,1,1,13.775,4.591666666666667,-1.3116905633464397,0.7050506355744817,0,0,1,1,0,0,0,0,0,0,0,0,0,0,1
3,0,1,-0.24302397640453532,0,2,13.775,4.591666666666667,-1.3116905633464397,0.7050506355744817,0,0,1,0,0,1,0,0,0,0,0,0,0,0,1
3,0,0,-0.24302397640453532,0,0,7.0,7.0,-0.7408500985070846,-0.5583460543187373,1,0,1,0,1,0,0,0,0,0,0,0,0,0,1
3,0,0,-0.24302397640453532,0,0,7.775,7.775,-0.5934794196837412,-0.5583460543187373,1,0,1,0,1,0,0,0,0,0,0,0,0,0,1
3,0,0,-0.24302397640453532,0,0,8.05,8.05,-0.5442980916730763,-0.5583460543187373,1,0,1,0,1,0,0,0,0,0,0,0,0,0,1
3,0,0,-0.6149907487868381,0,0,7.925,7.925,-0.5664652871569202,-0.5583460543187373,1,0,1,0,1,0,0,0,0,0,0,0,0,0,1
3,0,0,-0.3174173308809959,0,0,7.925,7.925,-0.5664652871569202,-0.5583460543187373,1,0,1,0,1,0,0,0,0,0,0,0,0,0,1
3,0,0,-0.5405973943103776,0,0,7.25,7.25,-0.6918063623869352,-0.5583460543187373,1,0,1,0,1,0,0,0,0,0,0,0,0,0,1
3,1,0,-0.3174173308809959,1,0,7.775,7.775,-0.5934794196837412,0.07335229062787217,0,0,1,0,1,0,0,0,0,0,0,0,0,0,1
3,1,0,-1.7308910659337466,1,1,22.3583,7.452766666666666,-0.6531080416678648,0.7050506355744817,0,0,0,0,0,0,0,0,0,0,0,0,0,0,1
3,1,1,-0.8381708122162198,1,1,22.3583,7.452766666666666,-0.6531080416678648,0.7050506355744817,0,0,0,1,0,0,0,0,0,0,0,1,0,0,0
3,1,1,0.12894279597776748,0,2,22.3583,7.452766666666666,-0.6531080416678648,0.7050506355744817,0,0,0,0,0,1,0,0,0,0,0,0,0,0,1
3,0,1,-0.8381708122162198,0,0,8.1375,8.1375,-0.5289624824410911,-0.5583460543187373,1,1,0,1,0,0,0,0,0,0,0,0,0,0,1
3,0,0,-0.39181068535745645,0,0,8.05,8.05,-0.5442980916730763,-0.5583460543187373,1,0,1,0,1,0,0,0,0,0,0,0,0,0,1
3,0,1,-0.09423726745161422,0,0,7.8958,7.8958,-0.571688270973903,-0.5583460543187373,1,0,1,1,0,0,0,0,0,0,0,0,0,0,1
3,0,0,-0.7637774577397592,0,0,7.8958,7.8958,-0.571688270973903,-0.5583460543187373,1,0,1,0,1,0,0,0,0,0,0,0,0,0,1
3,0,0,-0.24302397640453532,0,0,7.8958,7.8958,-0.571688270973903,-0.5583460543187373,1,0,1,0,1,0,0,0,0,0,0,0,0,0,1
3,0,0,-0.3174173308809959,1,0,7.775,7.775,-0.5934794196837412,0.07335229062787217,0,0,1,0,1,0,0,0,0,0,0,0,0,0,1
3,0,1,-0.8381708122162198,0,0,7.775,7.775,-0.5934794196837412,-0.5583460543187373,1,0,1,1,0,0,0,0,0,0,0,0,0,0,1
3,1,0,0.20333615045422804,0,0,8.05,8.05,-0.5442980916730763,-0.5583460543187373,1,0,1,0,1,0,0,0,0,0,1,0,0,0,0
3,0,0,-0.24302397640453532,0,0,7.8958,7.8958,-0.571688270973903,-0.5583460543187373,1,0,1,0,1,0,0,0,0,0,0,0,0,0,1
3,0,0,-0.9125641666926804,0,0,8.6625,8.6625,-0.4399241492520407,-0.5583460543187373,1,0,1,0,1,0,0,0,0,0,0,0,0,0,1
3,0,0,-0.39181068535745645,0,0,8.6625,8.6625,-0.4399241492520407,-0.5583460543187373,1,0,1,0,1,0,0,0,0,0,0,0,0,0,1
3,0,0,-0.24302397640453532,0,0,7.8958,7.8958,-0.571688270973903,-0.5583460543187373,1,0,1,0,1,0,0,0,0,0,0,0,0,0,1
3,0,1,0.12894279597776748,0,0,8.1125,8.1125,-0.5333290486321339,-0.5583460543187373,1,0,1,0,0,1,0,0,0,0,0,0,0,0,1
3,0,0,-0.24302397640453532,0,0,7.2292,7.2292,-0.695829733350443,-0.5583460543187373,1,0,0,0,1,0,0,0,0,0,0,0,0,0,1
3,0,0,-0.24302397640453532,0,0,7.25,7.25,-0.6918063623869352,-0.5583460543187373,1,0,1,0,1,0,0,0,0,0,0,0,0,0,1
3,0,0,0.6496962773129914,0,0,7.8958,7.8958,-0.571688270973903,-0.5583460543187373,1,0,1,0,1,0,0,0,0,0,0,0,0,0,1
3,0,0,-0.6149907487868381,0,0,8.05,8.05,-0.5442980916730763,-0.5583460543187373,1,0,1,0,1,0,0,0,0,0,0,0,0,0,1
3,0,0,-1.4333176480279044,4,1,29.125,4.854166666666667,-1.238573172381413,2.6001456704143098,0,1,0,0,0,0,0,0,0,0,0,0,0,0,1
3,0,0,-1.8796777748866678,4,1,29.125,4.854166666666667,-1.238573172381413,2.6001456704143098,0,1,0,0,0,0,0,0,0,0,0,0,0,0,1
3,0,0,-1.656497711457286,4,1,29.125,4.854166666666667,-1.238573172381413,2.6001456704143098,0,1,0,0,0,0,0,0,0,0,0,0,0,0,1
3,0,0,-2.028464483839589,4,1,29.125,4.854166666666667,-1.238573172381413,2.6001456704143098,0,1,0,0,0,0,0,0,0,0,0,0,0,0,1
3,0,0,-1.5821043569808255,4,1,29.125,4.854166666666667,-1.238573172381413,2.6001456704143098,0,1,0,0,0,0,0,0,0,0,0,0,0,0,1
3,0,1,0.724089631789452,0,5,29.125,4.854166666666667,-1.238573172381413,2.6001456704143098,0,1,0,0,0,1,0,0,0,0,0,0,0,0,1
3,0,1,-0.5405973943103776,0,0,39.6875,5.669642857142857,-1.0307220478121057,-0.5583460543187373,1,0,1,1,0,0,0,0,0,0,0,0,0,0,1
3,0,0,0.4265162138836097,0,0,7.125,7.125,-0.7161395932508636,-0.5583460543187373,1,0,1,0,1,0,0,0,0,0,0,0,0,0,1
3,1,1,-0.8381708122162198,0,0,7.7208,7.7208,-0.6033542469295775,-0.5583460543187373,1,1,0,1,0,0,0,0,0,0,0,0,0,0,1
3,0,0,-0.24302397640453532,0,0,14.5,7.25,-0.6918063623869352,-0.5583460543187373,1,0,1,0,1,0,0,0,0,0,0,0,0,0,1
3,0,1,0.12894279597776748,0,0,14.5,7.25,-0.6918063623869352,-0.5583460543187373,1,0,1,0,0,1,0,0,0,0,0,0,0,0,1
3,0,0,1.5424165310305182,1,0,14.5,7.25,-0.6918063623869352,0.07335229062787217,0,0,1,0,1,0,0,0,0,0,0,0,0,0,1
3,0,1,1.3192364676011366,1,0,14.5,7.25,-0.6918063623869352,0.07335229062787217,0,0,1,0,0,1,0,0,0,0,0,0,0,0,1
3,0,0,-0.24302397640453532,0,0,8.05,8.05,-0.5442980916730763,-0.5583460543187373,1,0,1,0,1,0,0,0,0,0,0,0,0,0,1
3,0,0,-0.24302397640453532,0,0,7.775,7.775,-0.5934794196837412,-0.5583460543187373,1,0,1,0,1,0,0,0,0,0,0,0,0,0,1
3,0,1,-2.028464483839589,1,1,20.2125,6.7375,-0.7940237496732524,0.7050506355744817,0,0,1,1,0,0,0,0,0,0,0,0,0,0,1
3,0,0,-0.8381708122162198,1,1,20.2125,6.7375,-0.7940237496732524,0.7050506355744817,0,0,1,0,1,0,0,0,0,0,0,0,0,0,1
3,0,1,0.8728763407423731,0,2,20.2125,6.7375,-0.7940237496732524,0.7050506355744817,0,0,1,0,0,1,0,0,0,0,0,0,0,0,1
3,1,1,-0.8381708122162198,0,0,8.05,8.05,-0.5442980916730763,-0.5583460543187373,1,0,1,1,0,0,0,0,0,0,0,0,0,0,1
3,0,0,1.5424165310305182,0,0,8.05,8.05,-0.5442980916730763,-0.5583460543187373,1,0,1,0,1,0,0,0,0,0,0,0,0,0,1
3,0,0,-0.9869575211691409,0,0,8.05,8.05,-0.5442980916730763,-0.5583460543187373,1,0,1,0,1,0,0,0,0,0,0,0,0,0,1
3,1,0,-0.24302397640453532,0,0,7.75,7.75,-0.5980266286535619,-0.5583460543187373,1,1,0,0,1,0,0,0,0,0,0,0,0,0,1
3,0,0,-0.24302397640453532,0,0,24.15,8.049999999999999,-0.5442980916730763,-0.5583460543187373,1,1,0,0,1,0,0,0,0,0,0,0,0,0,1
3,0,0,-0.24302397640453532,0,0,7.2292,7.2292,-0.695829733350443,-0.5583460543187373,1,0,0,0,1,0,0,0,0,0,0,0,0,0,1
3,0,0,-0.3174173308809959,0,0,7.225,7.225,-0.6966433787332786,-0.5583460543187373,1,0,0,0,1,0,0,0,0,0,0,0,0,0,1
3,0,0,-0.24302397640453532,0,0,7.225,7.225,-0.6966433787332786,-0.5583460543187373,1,0,0,0,1,0,0,0,0,0,0,0,0,0,1
3,0,0,-0.24302397640453532,0,0,7.7292,7.7292,-0.601819818895012,-0.5583460543187373,1,1,0,0,1,0,0,0,0,0,0,0,0,0,1
3,0,0,-0.24302397640453532,0,0,7.575,7.575,-0.6302256159529868,-0.5583460543187373,1,0,1,0,1,0,0,0,0,0,0,0,0,0,1
3,0,0,0.6868929545512217,0,0,7.25,7.25,-0.6918063623869352,-0.5583460543187373,1,0,1,0,1,0,0,0,0,0,0,0,0,0,1
3,0,0,-1.7308910659337466,8,2,69.55,6.322727272727272,-0.881835198642001,5.758637395147358,0,0,1,0,0,0,0,0,0,0,0,0,0,0,1
3,0,0,-1.0985475528838318,8,2,69.55,6.322727272727272,-0.881835198642001,5.758637395147358,0,0,1,0,0,0,0,0,0,0,0,0,0,0,1
3,0,1,-0.8381708122162198,8,2,69.55,6.322727272727272,-0.881835198642001,5.758637395147358,0,0,1,1,0,0,0,0,0,0,0,0,0,0,1
3,0,1,-0.8381708122162198,8,2,69.55,6.322727272727272,-0.881835198642001,5.758637395147358,0,0,1,1,0,0,0,0,0,0,0,0,0,0,1
3,0,1,-0.8381708122162198,8,2,69.55,6.322727272727272,-0.881835198642001,5.758637395147358,0,0,1,1,0,0,0,0,0,0,0,0,0,0,1
3,0,1,-0.8381708122162198,8,2,69.55,6.322727272727272,-0.881835198642001,5.758637395147358,0,0,1,1,0,0,0,0,0,0,0,0,0,0,1
3,0,0,-0.24302397640453532,8,2,69.55,6.322727272727272,-0.881835198642001,5.758637395147358,0,0,1,0,1,0,0,0,0,0,0,0,0,0,1
3,0,0,-0.24302397640453532,8,2,69.55,6.322727272727272,-0.881835198642001,5.758637395147358,0,0,1,0,1,0,0,0,0,0,0,0,0,0,1
3,0,0,-0.24302397640453532,8,2,69.55,6.322727272727272,-0.881835198642001,5.758637395147358,0,0,1,0,1,0,0,0,0,0,0,0,0,0,1
3,0,0,-0.24302397640453532,1,9,69.55,6.322727272727272,-0.881835198642001,5.758637395147358,0,0,1,0,1,0,0,0,0,0,0,0,0,0,1
3,0,1,0.12894279597776748,1,9,69.55,6.322727272727272,-0.881835198642001,5.758637395147358,0,0,1,0,0,1,0,0,0,0,0,0,0,0,1
3,0,0,-0.39181068535745645,0,0,9.325,9.325,-0.3342304344776834,-0.5583460543187373,1,0,1,0,1,0,0,0,0,0,0,0,0,0,1
3,1,1,-0.6149907487868381,0,0,7.65,7.65,-0.6163463207288445,-0.5583460543187373,1,0,1,1,0,0,0,0,0,0,0,0,0,0,1
3,0,0,0.724089631789452,0,0,7.925,7.925,-0.5664652871569202,-0.5583460543187373,1,0,1,0,1,0,0,0,0,0,0,0,0,0,1
3,0,0,-0.24302397640453532,2,0,21.6792,7.226400000000001,-0.6963721174505544,0.7050506355744817,0,0,0,0,1,0,0,0,0,0,0,0,0,0,1
3,0,0,-0.24302397640453532,2,0,21.6792,7.226400000000001,-0.6963721174505544,0.7050506355744817,0,0,0,0,1,0,0,0,0,0,0,0,0,0,1
3,0,0,-0.24302397640453532,2,0,21.6792,7.226400000000001,-0.6963721174505544,0.7050506355744817,0,0,0,0,1,0,0,0,0,0,0,0,0,0,1
3,1,1,-2.102857838316049,1,1,16.7,5.566666666666666,-1.055521455350475,0.7050506355744817,0,0,1,1,0,0,0,0,0,0,0,0,1,0,0
3,1,1,-0.39181068535745645,0,2,16.7,5.566666666666666,-1.055521455350475,0.7050506355744817,0,0,1,0,0,1,0,0,0,0,0,0,1,0,0
3,1,1,-1.8796777748866678,1,1,16.7,5.566666666666666,-1.055521455350475,0.7050506355744817,0,0,1,1,0,0,0,0,0,0,0,0,1,0,0
3,1,0,-0.3174173308809959,0,0,9.5,9.5,-0.3074433222009149,-0.5583460543187373,1,0,1,0,1,0,0,0,0,0,0,0,0,0,1
3,0,0,-0.6893841032632987,0,0,8.05,8.05,-0.5442980916730763,-0.5583460543187373,1,0,1,0,1,0,0,0,0,0,0,0,0,0,1
3,0,0,-0.35461400811922617,0,0,8.05,8.05,-0.5442980916730763,-0.5583460543187373,1,0,1,0,1,0,0,0,0,0,0,0,0,0,1
3,0,0,-0.24302397640453532,0,0,7.725,7.725,-0.6025868482533269,-0.5583460543187373,1,1,0,0,1,0,0,0,0,0,0,0,0,0,1
3,0,0,-0.24302397640453532,0,0,7.8958,7.8958,-0.571688270973903,-0.5583460543187373,1,0,1,0,1,0,0,0,0,0,0,0,0,0,1
3,0,0,-0.24302397640453532,0,0,7.75,7.75,-0.5980266286535619,-0.5583460543187373,1,1,0,0,1,0,0,0,0,0,0,0,0,0,1
3,1,0,-0.01984391297515365,0,0,9.5,9.5,-0.3074433222009149,-0.5583460543187373,1,0,1,0,1,0,0,0,0,0,0,0,0,0,1
3,0,0,-0.24302397640453532,0,0,15.1,7.55,-0.6348790372523069,-0.5583460543187373,1,0,1,0,1,0,0,0,0,0,0,0,0,0,1
3,1,1,-0.8381708122162198,0,0,7.7792,7.7792,-0.5927167598175577,-0.5583460543187373,1,1,0,1,0,0,0,0,0,0,0,0,0,0,1
3,0,0,-0.24302397640453532,0,0,8.05,8.05,-0.5442980916730763,-0.5583460543187373,1,0,1,0,1,0,0,0,0,0,0,0,0,0,1
3,0,0,-0.24302397640453532,0,0,8.05,8.05,-0.5442980916730763,-0.5583460543187373,1,0,1,0,1,0,0,0,0,0,0,0,0,0,1
3,0,0,-0.5405973943103776,0,0,7.2292,7.2292,-0.695829733350443,-0.5583460543187373,1,0,0,0,1,0,0,0,0,0,0,0,0,0,1
3,0,0,-0.24302397640453532,0,0,8.05,8.05,-0.5442980916730763,-0.5583460543187373,1,0,1,0,1,0,0,0,0,0,0,0,0,0,1
3,0,0,0.7984829862659125,0,0,7.8958,7.8958,-0.571688270973903,-0.5583460543187373,1,0,1,0,1,0,0,0,0,0,0,0,0,0,1
3,0,0,-0.6149907487868381,0,0,7.925,7.925,-0.5664652871569202,-0.5583460543187373,1,0,1,0,1,0,0,0,0,0,0,0,0,0,1
3,1,1,-0.8381708122162198,0,0,7.4958,7.4958,-0.6450145563886343,-0.5583460543187373,1,0,1,1,0,0,0,0,0,0,0,0,0,0,1
3,0,0,-1.8796777748866678,3,2,27.9,4.6499999999999995,-1.2951499113446487,2.6001456704143098,0,0,1,0,0,0,0,0,0,0,0,0,0,0,1
3,0,0,-1.4333176480279044,3,2,27.9,4.6499999999999995,-1.2951499113446487,2.6001456704143098,0,0,1,0,0,0,0,0,0,0,0,0,0,0,1
3,0,1,-1.507711002504365,3,2,27.9,4.6499999999999995,-1.2951499113446487,2.6001456704143098,0,0,1,1,0,0,0,0,0,0,0,0,0,0,1
3,0,1,-2.028464483839589,3,2,27.9,4.6499999999999995,-1.2951499113446487,2.6001456704143098,0,0,1,1,0,0,0,0,0,0,0,0,0,0,1
3,0,0,0.7984829862659125,1,4,27.9,4.6499999999999995,-1.2951499113446487,2.6001456704143098,0,0,1,0,1,0,0,0,0,0,0,0,0,0,1
3,0,1,1.1704497586482154,1,4,27.9,4.6499999999999995,-1.2951499113446487,2.6001456704143098,0,0,1,0,0,1,0,0,0,0,0,0,0,0,1
3,0,0,-0.24302397640453532,0,0,7.8958,7.8958,-0.571688270973903,-0.5583460543187373,1,0,1,0,1,0,0,0,0,0,0,0,0,0,1
3,0,0,-0.24302397640453532,0,0,8.05,8.05,-0.5442980916730763,-0.5583460543187373,1,0,1,0,1,0,0,0,0,0,0,0,0,0,1
3,0,0,-0.24302397640453532,0,0,8.6625,8.6625,-0.4399241492520407,-0.5583460543187373,1,0,1,0,1,0,0,0,0,0,0,0,0,0,1
3,0,0,-0.24302397640453532,0,0,7.75,7.75,-0.5980266286535619,-0.5583460543187373,1,1,0,0,1,0,0,0,0,0,0,0,0,0,1
3,1,1,-0.8381708122162198,0,0,7.7333,7.7333,-0.6010714080331606,-0.5583460543187373,1,1,0,1,0,0,0,0,0,0,0,0,0,0,1
3,0,0,-0.7637774577397592,0,0,7.65,7.65,-0.6163463207288445,-0.5583460543187373,1,0,1,0,1,0,0,0,0,0,0,1,0,0,0
3,0,0,0.05454944150130691,0,0,8.05,8.05,-0.5442980916730763,-0.5583460543187373,1,0,1,0,1,0,0,0,0,0,0,0,0,0,1
3,0,0,-0.24302397640453532,0,0,8.05,8.05,-0.5442980916730763,-0.5583460543187373,1,0,1,0,1,0,0,0,0,0,0,0,0,0,1
3,0,0,0.20333615045422804,0,0,8.05,8.05,-0.5442980916730763,-0.5583460543187373,1,0,1,0,1,0,0,0,0,0,0,0,0,0,1
3,0,0,-0.24302397640453532,0,0,7.8958,7.8958,-0.571688270973903,-0.5583460543187373,1,0,1,0,1,0,0,0,0,0,0,0,0,0,1
3,0,0,0.2777295049306886,0,0,8.6625,8.6625,-0.4399241492520407,-0.5583460543187373,1,0,0,0,1,0,0,0,0,0,0,0,0,0,1
3,1,1,-0.466204039833917,0,0,7.55,7.55,-0.6348790372523069,-0.5583460543187373,1,0,1,1,0,0,0,0,0,0,0,0,0,0,1
3,0,0,-0.6149907487868381,0,0,8.05,8.05,-0.5442980916730763,-0.5583460543187373,1,0,1,0,1,0,0,0,0,0,0,0,0,0,1
3,0,0,2.3235467530333542,0,0,8.05,8.05,-0.5442980916730763,-0.5583460543187373,1,0,1,0,1,0,0,0,0,0,0,0,0,0,1
3,0,0,-0.7637774577397592,0,0,7.8958,7.8958,-0.571688270973903,-0.5583460543187373,1,0,1,0,1,0,0,0,0,0,0,0,0,0,1
3,0,1,-0.5405973943103776,0,0,9.8375,9.8375,-0.2570202734349223,-0.5583460543187373,1,0,1,1,0,0,0,0,0,0,0,0,0,0,1
3,1,0,0.12894279597776748,0,0,7.925,7.925,-0.5664652871569202,-0.5583460543187373,1,0,1,0,1,0,0,0,0,0,0,0,0,0,1
3,0,0,-0.16863062192807476,0,0,8.6625,8.6625,-0.4399241492520407,-0.5583460543187373,1,0,1,0,1,0,0,0,0,0,0,0,0,0,1
3,0,1,-2.028464483839589,0,1,10.4625,5.23125,-1.1390831934775285,0.07335229062787217,0,0,1,1,0,0,0,0,0,0,0,0,1,0,0
3,0,1,-0.01984391297515365,1,1,10.4625,5.23125,-1.1390831934775285,0.7050506355744817,0,0,1,0,0,1,0,0,0,0,0,0,1,0,0
3,1,0,-0.9869575211691409,0,0,8.05,8.05,-0.5442980916730763,-0.5583460543187373,1,0,1,0,1,0,0,0,0,0,0,0,0,0,1
3,1,0,1.0960564041717549,0,0,7.925,7.925,-0.5664652871569202,-0.5583460543187373,1,0,1,0,1,0,0,0,0,0,0,0,0,0,1
3,0,0,-0.3174173308809959,0,0,7.05,7.05,-0.7309198753376777,-0.5583460543187373,1,0,1,0,1,0,0,0,0,0,0,0,0,0,1
3,0,0,3.3278570384655715,0,0,7.775,7.775,-0.5934794196837412,-0.5583460543187373,1,0,1,0,1,0,0,0,0,0,0,0,0,0,1
3,1,0,-1.1357442301220622,0,0,9.225,9.225,-0.3497419502264078,-0.5583460543187373,1,0,1,0,1,0,0,0,0,0,0,0,0,0,1
3,0,0,-0.39181068535745645,0,0,7.7958,7.7958,-0.5897060040997668,-0.5583460543187373,1,0,1,0,1,0,0,0,0,0,0,0,0,0,1
3,1,0,-0.3174173308809959,0,0,7.7958,7.7958,-0.5897060040997668,-0.5583460543187373,1,0,1,0,1,0,0,0,0,0,0,0,0,0,1
3,0,0,0.35212285940714916,0,0,8.05,8.05,-0.5442980916730763,-0.5583460543187373,1,0,1,0,1,0,0,0,0,0,0,0,0,0,1
3,1,0,-2.1462514819821688,0,1,8.5167,4.25835,-1.409645411912765,0.07335229062787217,0,0,0,0,0,0,0,0,0,0,0,0,0,0,1
3,0,0,-0.24302397640453532,1,0,6.4375,6.4375,-0.857048593609568,0.07335229062787217,0,0,0,0,1,0,0,0,0,0,0,0,0,0,1
3,0,0,-0.24302397640453532,0,0,6.4375,6.4375,-0.857048593609568,-0.5583460543187373,1,0,0,0,1,0,0,0,0,0,0,0,0,0,1
3,0,0,-0.24302397640453532,0,0,7.225,7.225,-0.6966433787332786,-0.5583460543187373,1,0,0,0,1,0,0,0,0,0,0,0,0,0,1
3,1,1,-0.9869575211691409,1,1,8.5167,4.25835,-1.409645411912765,0.7050506355744817,0,0,0,0,0,1,0,0,0,0,0,0,0,0,1
3,0,0,-0.24302397640453532,0,0,8.05,8.05,-0.5442980916730763,-0.5583460543187373,1,0,1,0,1,0,0,0,0,0,0,0,0,0,1
3,0,0,-0.24302397640453532,1,0,16.1,8.05,-0.5442980916730763,0.07335229062787217,0,0,1,0,1,0,0,0,0,0,0,0,0,0,1
3,1,1,0.12894279597776748,1,0,16.1,8.05,-0.5442980916730763,0.07335229062787217,0,0,1,0,0,1,0,0,0,0,0,0,0,0,1
3,0,0,0.20333615045422804,0,0,7.925,7.925,-0.5664652871569202,-0.5583460543187373,1,0,1,0,1,0,0,0,0,0,0,0,0,0,1
3,0,0,-0.24302397640453532,0,0,7.75,7.75,-0.5980266286535619,-0.5583460543187373,1,1,0,0,1,0,0,0,0,0,0,1,0,0,0
3,0,0,-0.24302397640453532,0,0,7.8958,7.8958,-0.571688270973903,-0.5583460543187373,1,0,1,0,1,0,0,0,0,0,0,0,0,0,1
3,0,0,0.0917461187395372,0,0,8.05,8.05,-0.5442980916730763,-0.5583460543187373,1,0,1,0,1,0,0,0,0,0,0,0,0,0,1
3,0,0,1.0960564041717549,0,0,8.05,8.05,-0.5442980916730763,-0.5583460543187373,1,0,1,0,1,0,0,0,0,0,0,0,0,0,1
3,0,0,-0.24302397640453532,0,0,7.2292,7.2292,-0.695829733350443,-0.5583460543187373,1,0,0,0,1,0,0,0,0,0,0,0,0,0,1
3,1,0,-0.3174173308809959,0,0,8.05,2.0125,-2.2974644893610328,-0.5583460543187373,1,0,1,0,1,0,0,0,0,0,0,0,0,0,1
3,0,0,-0.24302397640453532,0,0,7.2292,7.2292,-0.695829733350443,-0.5583460543187373,1,0,0,0,1,0,0,0,0,0,0,0,0,0,1
3,1,0,-1.656497711457286,1,1,15.2458,5.081933333333333,-1.1777396343983935,0.7050506355744817,0,0,0,0,0,0,0,0,0,0,0,0,0,0,1
3,1,1,-1.507711002504365,1,1,15.2458,5.081933333333333,-1.1777396343983935,0.7050506355744817,0,0,0,1,0,0,0,0,0,0,0,0,0,0,1
3,1,1,-0.01984391297515365,0,2,15.2458,5.081933333333333,-1.1777396343983935,0.7050506355744817,0,0,0,0,0,1,0,0,0,0,0,0,0,0,1
3,0,0,0.5009095683600703,0,0,7.8958,7.8958,-0.571688270973903,-0.5583460543187373,1,0,1,0,1,0,0,0,0,0,0,0,0,0,1
3,1,1,-0.8381708122162198,0,0,9.8417,9.8417,-0.2564027283347804,-0.5583460543187373,1,0,1,1,0,0,0,0,0,0,0,0,0,0,1
3,1,1,2.5095301392245055,0,0,9.5875,9.5875,-0.2942167262684443,-0.5583460543187373,1,0,1,0,0,1,0,0,0,0,0,0,0,0,1
3,0,0,-1.7308910659337466,1,1,14.5,4.833333333333333,-1.2442551593719726,0.7050506355744817,0,0,1,0,0,0,0,0,0,0,0,0,0,0,1
3,0,0,-1.3217276163132134,1,1,14.5,4.833333333333333,-1.2442551593719726,0.7050506355744817,0,0,1,0,0,0,0,0,0,0,0,0,0,0,1
3,0,0,0.8356796635041428,0,2,14.5,4.833333333333333,-1.2442551593719726,0.7050506355744817,0,0,1,0,1,0,0,0,0,0,0,0,0,0,1
3,0,1,-1.4333176480279044,0,2,24.15,8.049999999999999,-0.5442980916730763,0.7050506355744817,0,0,1,1,0,0,0,0,0,0,0,0,0,0,1
3,0,0,0.5009095683600703,1,1,24.15,8.049999999999999,-0.5442980916730763,0.7050506355744817,0,0,1,0,1,0,0,0,0,0,0,0,0,0,1
3,0,1,0.05454944150130691,1,1,24.15,8.049999999999999,-0.5442980916730763,0.7050506355744817,0,0,1,0,0,1,0,0,0,0,0,0,0,0,1
3,0,0,-0.24302397640453532,0,0,9.5,9.5,-0.3074433222009149,-0.5583460543187373,1,0,1,0,1,0,0,0,0,0,0,0,0,0,1
3,0,0,0.2777295049306886,0,0,9.5,9.5,-0.3074433222009149,-0.5583460543187373,1,0,1,0,1,0,0,0,0,0,0,0,0,0,1
3,0,0,-0.09423726745161422,0,0,9.5,9.5,-0.3074433222009149,-0.5583460543187373,1,0,1,0,1,0,0,0,0,0,0,0,0,0,1
3,0,0,-0.09423726745161422,0,0,9.5,9.5,-0.3074433222009149,-0.5583460543187373,1,0,1,0,1,0,0,0,0,0,0,0,0,0,1
3,0,0,1.3192364676011366,0,0,9.0,9.0,-0.38520487424132094,-0.5583460543187373,1,0,1,0,1,0,0,0,0,0,0,0,0,0,1
3,0,1,-0.8381708122162198,2,0,18.0,9.0,-0.38520487424132094,0.7050506355744817,0,0,1,1,0,0,0,0,0,0,0,0,0,0,1
3,0,0,0.12894279597776748,3,0,18.0,9.0,-0.38520487424132094,1.3367489805210908,0,0,1,0,1,0,0,0,0,0,0,0,0,0,1
3,0,0,-0.9869575211691409,2,0,18.0,9.0,-0.38520487424132094,0.7050506355744817,0,0,1,0,1,0,0,0,0,0,0,0,0,0,1
3,0,1,0.12894279597776748,1,0,18.0,9.0,-0.38520487424132094,0.07335229062787217,0,0,1,0,0,1,0,0,0,0,0,0,0,0,1
3,1,0,-0.5405973943103776,0,0,7.225,7.225,-0.6966433787332786,-0.5583460543187373,1,0,0,0,1,0,0,0,0,0,0,0,0,0,1
3,0,0,-0.6893841032632987,0,0,7.8542,7.8542,-0.5791589212235986,-0.5583460543187373,1,0,1,0,1,0,0,0,0,0,0,0,0,0,1
3,0,1,-1.1357442301220622,0,0,7.8542,7.8542,-0.5791589212235986,-0.5583460543187373,1,0,1,1,0,0,0,0,0,0,0,0,0,0,1
3,0,0,-0.5405973943103776,0,0,7.8958,7.8958,-0.571688270973903,-0.5583460543187373,1,0,1,0,1,0,0,0,0,0,0,0,0,0,1
3,0,0,-0.5405973943103776,0,0,9.0,9.0,-0.38520487424132094,-0.5583460543187373,1,0,1,0,1,0,0,0,0,0,0,0,0,0,1
3,0,0,-0.24302397640453532,0,0,8.05,8.05,-0.5442980916730763,-0.5583460543187373,1,0,1,0,1,0,0,0,0,0,0,0,0,0,1
3,0,0,-0.24302397640453532,0,0,7.55,7.55,-0.6348790372523069,-0.5583460543187373,1,0,1,0,1,0,0,0,0,0,0,0,0,0,1
3,0,0,-0.24302397640453532,0,0,8.05,8.05,-0.5442980916730763,-0.5583460543187373,1,0,1,0,1,0,0,0,0,0,0,0,0,0,1
3,0,0,0.24053282769245832,0,0,9.5,9.5,-0.3074433222009149,-0.5583460543187373,1,0,1,0,1,0,0,0,0,0,0,0,0,0,1
3,1,1,0.6496962773129914,0,0,7.2292,7.2292,-0.695829733350443,-0.5583460543187373,1,0,0,0,0,1,0,0,0,0,0,0,0,0,1
3,0,0,1.6168098855069788,0,0,7.75,7.75,-0.5980266286535619,-0.5583460543187373,1,0,1,0,1,0,0,0,0,0,0,0,0,0,1
3,0,0,-0.8381708122162198,1,0,6.4958,6.4958,-0.844604089151158,0.07335229062787217,0,0,1,0,1,0,0,0,0,0,0,0,0,0,1
3,0,0,-0.6149907487868381,1,0,6.4958,6.4958,-0.844604089151158,0.07335229062787217,0,0,1,0,1,0,0,0,0,0,0,0,0,0,1
3,1,1,1.3192364676011366,1,0,7.0,7.0,-0.7408500985070846,0.07335229062787217,0,0,1,0,0,1,0,0,0,0,0,0,0,0,1
3,0,0,-0.24302397640453532,0,0,8.7125,8.7125,-0.4316980888603297,-0.5583460543187373,1,0,1,0,1,0,0,0,0,0,0,0,0,0,1
3,0,0,-0.24302397640453532,0,0,7.55,7.55,-0.6348790372523069,-0.5583460543187373,1,0,1,0,1,0,0,0,0,0,0,0,0,0,1
3,0,0,-0.24302397640453532,0,0,8.05,8.05,-0.5442980916730763,-0.5583460543187373,1,0,1,0,1,0,0,0,0,0,0,0,0,0,1
3,0,0,-0.05704059021338393,0,0,16.1,8.05,-0.5442980916730763,-0.5583460543187373,1,0,1,0,1,0,0,0,0,0,0,0,0,0,1
3,0,0,-0.6149907487868381,0,0,7.25,7.25,-0.6918063623869352,-0.5583460543187373,1,0,1,0,1,0,0,0,0,0,0,0,0,0,1
3,0,0,-0.16863062192807476,0,0,8.6625,8.6625,-0.4399241492520407,-0.5583460543187373,1,0,1,0,1,0,0,0,0,0,0,0,0,0,1
3,0,0,-0.24302397640453532,0,0,7.25,7.25,-0.6918063623869352,-0.5583460543187373,1,0,1,0,1,0,0,0,0,0,0,0,0,0,1
3,0,0,0.5009095683600703,0,0,9.5,9.5,-0.3074433222009149,-0.5583460543187373,1,0,1,0,1,0,0,0,0,0,0,0,0,0,1
3,0,0,-0.16863062192807476,1,0,14.4542,7.2271,-0.6962365041203049,0.07335229062787217,0,0,0,0,1,0,0,0,0,0,0,0,0,0,1
3,1,1,-1.0613508756456016,1,0,14.4542,7.2271,-0.6962365041203049,0.07335229062787217,0,0,0,0,0,1,0,0,0,0,0,0,0,0,1
3,0,0,1.2076464358864456,0,0,7.225,7.225,-0.6966433787332786,-0.5583460543187373,1,0,0,0,1,0,0,0,0,0,0,0,0,0,1
3,0,0,-0.24302397640453532,0,0,7.225,7.225,-0.6966433787332786,-0.5583460543187373,1,0,0,0,1,0,0,0,0,0,0,0,0,0,1
3,0,0,-0.24302397640453532,0,0,14.4583,7.22915,-0.6958394171623853,-0.5583460543187373,1,0,0,0,1,0,0,0,0,0,0,0,0,0,1
3,0,1,-1.0985475528838318,1,0,14.4542,7.2271,-0.6962365041203049,0.07335229062787217,0,0,0,1,0,0,0,0,0,0,0,0,0,0,1
3,0,1,-0.8381708122162198,1,0,14.4542,7.2271,-0.6962365041203049,0.07335229062787217,0,0,0,1,0,0,0,0,0,0,0,0,0,0,1
3,0,0,-0.20582729916630504,0,0,7.225,7.225,-0.6966433787332786,-0.5583460543187373,1,0,0,0,1,0,0,0,0,0,0,0,0,0,1
3,0,0,-0.16863062192807476,0,0,7.225,7.225,-0.6966433787332786,-0.5583460543187373,1,0,0,0,1,0,0,0,0,0,0,0,0,0,1
3,0,0,-0.01984391297515365,0,0,7.875,7.875,-0.5754192189250195,-0.5583460543187373,1,0,1,0,1,0,0,0,0,0,0,0,0,0,1
